[{"floorinfo":5,"FPfloor info":[{"minRssi":48,"MAC":"74:da:da:c0:d9:39"},{"minRssi":57,"MAC":"0c:73:eb:d0:19:80"},{"minRssi":18,"MAC":"74:da:da:c1:25:a1"},{"minRssi":23,"MAC":"74:da:da:c0:de:2d"},{"minRssi":43,"MAC":"74:da:da:c1:25:da"},{"minRssi":41,"MAC":"74:da:da:c0:de:2e"},{"minRssi":41,"MAC":"74:da:da:c0:d8:7e"},{"minRssi":39,"MAC":"74:da:da:c1:25:e6"},{"minRssi":40,"MAC":"74:da:da:c1:02:96"},{"minRssi":26,"MAC":"74:da:da:c1:02:95"},{"minRssi":20,"MAC":"0c:73:eb:d0:2a:30"},{"minRssi":47,"MAC":"74:da:da:c1:4a:86"},{"minRssi":43,"MAC":"74:da:da:c1:04:4e"},{"minRssi":38,"MAC":"74:da:da:c1:25:6a"},{"minRssi":38,"MAC":"74:da:da:c0:f3:5a"},{"minRssi":38,"MAC":"74:da:da:c1:25:a2"},{"minRssi":40,"MAC":"74:da:da:c1:4a:6a"},{"minRssi":83,"MAC":"74:da:da:c1:3c:45"},{"minRssi":22,"MAC":"74:da:da:c0:f3:59"},{"minRssi":64,"MAC":"74:da:da:c0:d6:ed"},{"minRssi":54,"MAC":"0c:73:eb:d0:19:c8"},{"minRssi":55,"MAC":"0c:73:eb:d0:76:10"},{"minRssi":25,"MAC":"0c:73:eb:d0:2a:68"},{"minRssi":22,"MAC":"74:da:da:c1:25:9d"},{"minRssi":22,"MAC":"74:da:da:c1:25:69"},{"minRssi":21,"MAC":"74:da:da:c1:4a:85"},{"minRssi":51,"MAC":"74:da:da:98:ea:64"},{"minRssi":54,"MAC":"74:da:da:c1:4a:c9"},{"minRssi":18,"MAC":"0c:73:eb:d0:0e:a0"},{"minRssi":28,"MAC":"74:da:da:c1:25:e5"},{"minRssi":24,"MAC":"0c:73:eb:d0:2a:60"},{"minRssi":28,"MAC":"74:da:da:c1:25:d9"},{"minRssi":23,"MAC":"0c:73:eb:d0:0e:b8"},{"minRssi":21,"MAC":"74:da:da:c0:d8:7d"},{"minRssi":21,"MAC":"0c:73:eb:d0:0e:98"},{"minRssi":17,"MAC":"0c:73:eb:d0:0e:c8"},{"minRssi":21,"MAC":"74:da:da:c1:04:4d"},{"minRssi":18,"MAC":"0c:73:eb:d0:2a:40"},{"minRssi":15,"MAC":"0c:73:eb:d0:0e:a8"},{"minRssi":12,"MAC":"0c:73:eb:d0:2a:90"},{"minRssi":27,"MAC":"74:da:da:c1:4a:69"},{"minRssi":21,"MAC":"74:da:da:c1:5e:ed"},{"minRssi":44,"MAC":"0c:73:eb:d0:0e:b0"},{"minRssi":45,"MAC":"74:da:da:c0:f3:05"},{"minRssi":42,"MAC":"74:da:da:c1:04:4a"},{"minRssi":49,"MAC":"74:da:da:c0:d8:1d"},{"minRssi":66,"MAC":"0c:73:eb:d0:19:c0"},{"minRssi":43,"MAC":"74:da:da:c1:3b:19"},{"minRssi":77,"MAC":"0c:73:eb:d0:13:b0"},{"minRssi":56,"MAC":"74:da:da:c0:d6:f5"},{"minRssi":45,"MAC":"0c:73:eb:d0:76:50"},{"minRssi":41,"MAC":"0c:73:eb:d0:2a:50"},{"minRssi":47,"MAC":"0c:73:eb:d0:76:28"},{"minRssi":90,"MAC":"50:3a:a0:ea:01:66"},{"minRssi":71,"MAC":"0c:73:eb:d0:19:90"},{"minRssi":78,"MAC":"0c:73:eb:d0:13:c8"},{"minRssi":21,"MAC":"74:da:da:c1:04:49"},{"minRssi":49,"MAC":"74:da:da:c0:d7:9d"},{"minRssi":39,"MAC":"0c:73:eb:d0:13:a0"},{"minRssi":25,"MAC":"74:da:da:c1:03:61"},{"minRssi":43,"MAC":"74:da:da:c0:d7:01"},{"minRssi":37,"MAC":"74:da:da:c0:d7:81"},{"minRssi":61,"MAC":"74:da:da:c1:3c:4d"},{"minRssi":90,"MAC":"0c:73:eb:d0:7f:00"},{"minRssi":56,"MAC":"74:da:da:98:ea:54"},{"minRssi":25,"MAC":"74:da:da:c1:04:45"},{"minRssi":76,"MAC":"74:da:da:c1:03:21"},{"minRssi":86,"MAC":"0c:73:eb:d0:11:c8"},{"minRssi":83,"MAC":"74:da:da:98:ea:55"},{"minRssi":66,"MAC":"74:da:da:c1:3c:55"},{"minRssi":85,"MAC":"74:da:da:98:ea:65"},{"minRssi":48,"MAC":"0c:73:eb:d0:2a:48"},{"minRssi":21,"MAC":"0c:4b:54:ae:bf:bc"},{"minRssi":63,"MAC":"74:da:da:c0:d7:11"},{"minRssi":78,"MAC":"74:da:da:98:90:2c"},{"minRssi":72,"MAC":"74:da:da:c0:d9:3a"},{"minRssi":81,"MAC":"74:da:da:98:66:cc"},{"minRssi":77,"MAC":"0c:73:eb:d0:76:18"},{"minRssi":85,"MAC":"74:da:da:c1:3c:11"},{"minRssi":72,"MAC":"74:da:da:c1:3c:85"},{"minRssi":77,"MAC":"74:da:da:c0:d7:02"},{"minRssi":37,"MAC":"74:da:da:c1:25:9e"},{"minRssi":42,"MAC":"74:da:da:c1:5e:ee"},{"minRssi":32,"MAC":"74:da:da:c1:3b:79"},{"minRssi":18,"MAC":"0c:73:eb:d0:2a:88"},{"minRssi":41,"MAC":"74:da:da:c1:03:62"},{"minRssi":86,"MAC":"74:da:da:98:90:94"},{"minRssi":40,"MAC":"74:da:da:c1:3d:35"},{"minRssi":72,"MAC":"0c:73:eb:d0:19:a0"},{"minRssi":41,"MAC":"0c:73:eb:d0:0e:d8"},{"minRssi":63,"MAC":"0c:73:eb:d0:76:48"},{"minRssi":49,"MAC":"74:da:da:c0:d7:dd"},{"minRssi":47,"MAC":"74:da:da:c1:3d:05"},{"minRssi":41,"MAC":"74:da:da:c1:3d:09"},{"minRssi":64,"MAC":"74:da:da:c1:3b:1a"},{"minRssi":75,"MAC":"74:da:da:c1:3b:e9"},{"minRssi":57,"MAC":"74:da:da:c1:3b:65"},{"minRssi":72,"MAC":"0c:73:eb:d0:19:88"},{"minRssi":79,"MAC":"74:da:da:c1:3b:29"},{"minRssi":73,"MAC":"74:da:da:c0:f6:15"},{"minRssi":47,"MAC":"74:da:da:c0:d7:ed"},{"minRssi":33,"MAC":"74:da:da:c1:47:cd"},{"minRssi":79,"MAC":"0c:73:eb:d0:13:98"},{"minRssi":83,"MAC":"74:da:da:98:74:74"},{"minRssi":86,"MAC":"74:da:da:c0:f3:01"},{"minRssi":74,"MAC":"74:da:da:c0:f2:fd"},{"minRssi":74,"MAC":"74:da:da:c1:3c:51"},{"minRssi":59,"MAC":"74:da:da:c0:d7:c5"},{"minRssi":53,"MAC":"74:da:da:c1:3d:0d"},{"minRssi":32,"MAC":"74:da:da:c1:3b:45"},{"minRssi":77,"MAC":"0c:73:eb:d0:7e:d8"},{"minRssi":69,"MAC":"0c:73:eb:d0:7e:e0"},{"minRssi":66,"MAC":"74:da:da:98:ea:5c"},{"minRssi":43,"MAC":"74:da:da:c0:d7:e9"},{"minRssi":29,"MAC":"0c:4b:54:ae:bf:be"},{"minRssi":42,"MAC":"74:da:da:c1:04:46"},{"minRssi":41,"MAC":"0c:73:eb:d0:0e:90"},{"minRssi":76,"MAC":"74:da:da:c0:f3:06"},{"minRssi":62,"MAC":"0c:73:eb:d0:19:98"},{"minRssi":61,"MAC":"0c:73:eb:d0:19:b8"},{"minRssi":82,"MAC":"74:da:da:c0:d8:1e"},{"minRssi":53,"MAC":"0c:73:eb:d0:2a:38"},{"minRssi":63,"MAC":"74:da:da:c1:3b:69"},{"minRssi":43,"MAC":"0c:73:eb:d0:2a:10"},{"minRssi":81,"MAC":"74:da:da:c1:3b:cd"},{"minRssi":69,"MAC":"0c:73:eb:d0:76:30"},{"minRssi":52,"MAC":"0c:73:eb:d0:2a:20"},{"minRssi":69,"MAC":"0c:73:eb:d0:76:38"},{"minRssi":50,"MAC":"74:da:da:c0:d8:25"},{"minRssi":41,"MAC":"74:da:da:c1:3d:85"},{"minRssi":76,"MAC":"74:da:da:98:ea:50"},{"minRssi":86,"MAC":"74:da:da:c0:d7:82"},{"minRssi":47,"MAC":"74:da:da:c0:d8:05"},{"minRssi":77,"MAC":"74:da:da:c1:3d:36"},{"minRssi":44,"MAC":"0c:73:eb:d0:2a:58"},{"minRssi":72,"MAC":"c0:61:18:93:35:28"},{"minRssi":45,"MAC":"0c:73:eb:d0:2a:18"},{"minRssi":48,"MAC":"74:da:da:c0:d8:59"},{"minRssi":38,"MAC":"0c:73:eb:d0:0e:c0"},{"minRssi":85,"MAC":"74:da:da:c1:3c:91"},{"minRssi":48,"MAC":"74:da:da:c1:3b:7a"},{"minRssi":67,"MAC":"74:da:da:c1:3c:cd"},{"minRssi":75,"MAC":"74:da:da:c1:3b:c9"},{"minRssi":45,"MAC":"0c:73:eb:d0:2a:98"},{"minRssi":52,"MAC":"0c:73:eb:d0:0e:d0"},{"minRssi":75,"MAC":"74:da:da:c0:d7:ee"},{"minRssi":78,"MAC":"74:da:da:c1:3d:06"},{"minRssi":68,"MAC":"0c:73:eb:d0:76:20"},{"minRssi":56,"MAC":"74:da:da:98:8f:30"},{"minRssi":45,"MAC":"74:da:da:c1:17:75"},{"minRssi":50,"MAC":"74:da:da:c1:4a:7d"},{"minRssi":90,"MAC":"74:da:da:c1:4b:05"},{"minRssi":68,"MAC":"74:da:da:98:8f:3c"},{"minRssi":69,"MAC":"74:da:da:c1:3c:8d"},{"minRssi":86,"MAC":"74:da:da:c0:d7:ea"},{"minRssi":67,"MAC":"74:da:da:98:92:14"},{"minRssi":78,"MAC":"74:da:da:c1:4b:59"},{"minRssi":79,"MAC":"74:da:da:98:91:d4"},{"minRssi":77,"MAC":"74:da:da:c0:f4:69"},{"minRssi":90,"MAC":"74:da:da:c0:d7:b9"},{"minRssi":60,"MAC":"74:da:da:c0:d7:09"},{"minRssi":45,"MAC":"0c:73:eb:d0:2a:28"},{"minRssi":73,"MAC":"0c:73:eb:d0:7e:f8"},{"minRssi":56,"MAC":"74:da:da:c1:3b:85"},{"minRssi":80,"MAC":"74:da:da:c0:d7:de"},{"minRssi":67,"MAC":"0c:73:eb:d0:76:58"},{"minRssi":86,"MAC":"74:da:da:c1:3c:ad"},{"minRssi":72,"MAC":"0c:73:eb:d0:11:d0"},{"minRssi":78,"MAC":"74:da:da:c1:3b:49"},{"minRssi":81,"MAC":"74:da:da:c0:d8:26"},{"minRssi":89,"MAC":"d8:b0:4c:b7:59:14"},{"minRssi":80,"MAC":"74:da:da:c1:56:ed"},{"minRssi":51,"MAC":"74:da:da:c1:4a:a5"},{"minRssi":73,"MAC":"74:da:da:98:ea:4c"},{"minRssi":72,"MAC":"0c:73:eb:d0:19:a8"},{"minRssi":89,"MAC":"70:ba:ef:d9:96:b0"},{"minRssi":82,"MAC":"0c:73:eb:d0:11:e8"},{"minRssi":65,"MAC":"0c:73:eb:d0:76:40"},{"minRssi":44,"MAC":"74:da:da:c1:14:99"},{"minRssi":73,"MAC":"74:da:da:c1:14:9a"},{"minRssi":75,"MAC":"74:da:da:c1:3c:6d"},{"minRssi":65,"MAC":"74:da:da:c1:3b:46"},{"minRssi":86,"MAC":"74:da:da:c1:3c:92"},{"minRssi":79,"MAC":"74:da:da:c1:17:76"},{"minRssi":75,"MAC":"74:da:da:98:8d:78"},{"minRssi":83,"MAC":"c0:61:18:93:3e:54"},{"minRssi":58,"MAC":"74:da:da:98:db:44"},{"minRssi":84,"MAC":"74:da:da:c1:3b:86"},{"minRssi":68,"MAC":"74:da:da:98:8f:34"},{"minRssi":85,"MAC":"74:da:da:c0:e0:71"},{"minRssi":84,"MAC":"74:da:da:c0:d8:06"},{"minRssi":87,"MAC":"0c:73:eb:d0:7e:f0"},{"minRssi":80,"MAC":"74:da:da:c0:e0:69"},{"minRssi":78,"MAC":"74:da:da:c1:3c:f5"},{"minRssi":74,"MAC":"74:da:da:c1:47:ce"},{"minRssi":84,"MAC":"74:da:da:c1:3b:9d"},{"minRssi":87,"MAC":"74:da:da:c1:4a:7e"},{"minRssi":77,"MAC":"74:da:da:c1:61:69"},{"minRssi":83,"MAC":"74:da:da:c0:d7:0a"},{"minRssi":80,"MAC":"74:da:da:c1:4a:a6"},{"minRssi":82,"MAC":"74:da:da:c1:4a:ca"},{"minRssi":94,"MAC":"74:da:da:c1:48:bd"},{"minRssi":67,"MAC":"74:da:da:c1:3b:4d"}],"buidinginfo":"shilintong"}]