[{"floorinfo":4,"FPfloor info":[{"minRssi":39,"MAC":"0c:73:eb:d0:13:b0"},{"minRssi":72,"MAC":"74:da:da:98:74:74"},{"minRssi":7,"MAC":"0c:73:eb:d0:76:10"},{"minRssi":35,"MAC":"74:da:da:c0:d7:02"},{"minRssi":16,"MAC":"0c:73:eb:d0:19:c0"},{"minRssi":72,"MAC":"74:da:da:98:90:2d"},{"minRssi":35,"MAC":"74:da:da:c1:3b:19"},{"minRssi":37,"MAC":"74:da:da:c0:d6:ee"},{"minRssi":19,"MAC":"0c:73:eb:d0:2a:50"},{"minRssi":36,"MAC":"74:da:da:c0:d6:f6"},{"minRssi":42,"MAC":"74:da:da:c0:d9:3a"},{"minRssi":36,"MAC":"74:da:da:c0:d7:12"},{"minRssi":39,"MAC":"74:da:da:98:ea:55"},{"minRssi":16,"MAC":"0c:73:eb:d0:19:80"},{"minRssi":49,"MAC":"0c:73:eb:d0:0e:c8"},{"minRssi":30,"MAC":"74:da:da:c0:d6:ed"},{"minRssi":15,"MAC":"0c:73:eb:d0:19:c8"},{"minRssi":48,"MAC":"74:da:da:c1:3c:45"},{"minRssi":56,"MAC":"0c:73:eb:d0:76:18"},{"minRssi":7,"MAC":"74:da:da:c0:f3:05"},{"minRssi":49,"MAC":"74:da:da:98:66:cc"},{"minRssi":50,"MAC":"74:da:da:98:90:2c"},{"minRssi":21,"MAC":"74:da:da:98:ea:54"},{"minRssi":28,"MAC":"74:da:da:c0:d7:11"},{"minRssi":8,"MAC":"74:da:da:c0:d9:39"},{"minRssi":40,"MAC":"74:da:da:98:90:94"},{"minRssi":15,"MAC":"74:da:da:c0:d6:f5"},{"minRssi":48,"MAC":"0c:73:eb:d0:13:c8"},{"minRssi":29,"MAC":"74:da:da:c0:d7:01"},{"minRssi":54,"MAC":"74:da:da:c1:4a:85"},{"minRssi":16,"MAC":"74:da:da:98:ea:64"},{"minRssi":77,"MAC":"74:da:da:c1:02:91"},{"minRssi":53,"MAC":"74:da:da:c1:3c:85"},{"minRssi":62,"MAC":"74:da:da:98:74:80"},{"minRssi":74,"MAC":"74:da:da:98:74:34"},{"minRssi":44,"MAC":"74:da:da:c1:3c:11"},{"minRssi":52,"MAC":"74:da:da:c1:4a:69"},{"minRssi":42,"MAC":"74:da:da:c1:25:a1"},{"minRssi":55,"MAC":"50:3a:a0:ea:01:66"},{"minRssi":65,"MAC":"74:da:da:98:90:95"},{"minRssi":68,"MAC":"0c:73:eb:d0:11:c8"},{"minRssi":23,"MAC":"0c:73:eb:d0:76:28"},{"minRssi":76,"MAC":"74:da:da:c1:4a:6a"},{"minRssi":24,"MAC":"74:da:da:c0:d7:9d"},{"minRssi":23,"MAC":"0c:73:eb:d0:76:50"},{"minRssi":81,"MAC":"74:da:da:c1:03:21"},{"minRssi":45,"MAC":"74:da:da:c1:3c:4d"},{"minRssi":47,"MAC":"0c:73:eb:d0:2a:90"},{"minRssi":81,"MAC":"74:da:da:c1:3d:2d"},{"minRssi":46,"MAC":"0c:73:eb:d0:19:90"},{"minRssi":87,"MAC":"0c:73:eb:d0:11:d8"},{"minRssi":18,"MAC":"0c:73:eb:d0:0e:d8"},{"minRssi":85,"MAC":"0c:73:eb:d0:7f:00"},{"minRssi":37,"MAC":"74:da:da:98:ea:65"},{"minRssi":17,"MAC":"74:da:da:c1:3d:35"},{"minRssi":34,"MAC":"74:da:da:c0:d8:1d"},{"minRssi":22,"MAC":"74:da:da:c0:d7:81"},{"minRssi":52,"MAC":"74:da:da:c0:de:2d"},{"minRssi":51,"MAC":"0c:73:eb:d0:2a:40"},{"minRssi":51,"MAC":"74:da:da:c0:f3:59"},{"minRssi":42,"MAC":"74:da:da:c1:3c:55"},{"minRssi":48,"MAC":"74:da:da:c1:04:4d"},{"minRssi":50,"MAC":"0c:73:eb:d0:2a:60"},{"minRssi":35,"MAC":"74:da:da:c1:25:9d"},{"minRssi":79,"MAC":"0c:73:eb:d0:13:98"},{"minRssi":50,"MAC":"74:da:da:c1:25:d9"},{"minRssi":46,"MAC":"0c:73:eb:d0:0e:a0"},{"minRssi":61,"MAC":"74:da:da:c1:3b:29"},{"minRssi":22,"MAC":"74:da:da:c1:4a:a5"},{"minRssi":75,"MAC":"74:da:da:98:66:cd"},{"minRssi":40,"MAC":"74:da:da:c1:3b:e9"},{"minRssi":21,"MAC":"74:da:da:c0:d7:e9"},{"minRssi":45,"MAC":"74:da:da:c1:5e:ed"},{"minRssi":90,"MAC":"74:da:da:c1:03:1d"},{"minRssi":71,"MAC":"74:da:da:c1:3c:12"},{"minRssi":52,"MAC":"74:da:da:c1:04:49"},{"minRssi":84,"MAC":"0c:73:eb:d0:13:b8"},{"minRssi":78,"MAC":"74:da:da:98:85:60"},{"minRssi":38,"MAC":"0c:73:eb:d0:2a:30"},{"minRssi":73,"MAC":"0c:73:eb:d0:13:90"},{"minRssi":41,"MAC":"74:da:da:c1:25:e5"},{"minRssi":75,"MAC":"74:da:da:c0:f6:15"},{"minRssi":42,"MAC":"74:da:da:c0:d7:c5"},{"minRssi":85,"MAC":"0c:73:eb:d0:7e:d0"},{"minRssi":45,"MAC":"0c:73:eb:d0:0e:a8"},{"minRssi":17,"MAC":"0c:73:eb:d0:0e:c0"},{"minRssi":21,"MAC":"74:da:da:c0:d8:05"},{"minRssi":83,"MAC":"74:da:da:c1:02:8d"},{"minRssi":51,"MAC":"74:da:da:c1:25:69"},{"minRssi":21,"MAC":"74:da:da:c1:3d:0d"},{"minRssi":73,"MAC":"0c:73:eb:d0:7e:f8"},{"minRssi":47,"MAC":"0c:73:eb:d0:19:88"},{"minRssi":19,"MAC":"0c:73:eb:d0:0e:b0"},{"minRssi":37,"MAC":"74:da:da:c0:d7:9e"},{"minRssi":76,"MAC":"74:da:da:c1:3c:46"},{"minRssi":41,"MAC":"74:da:da:c0:d7:82"},{"minRssi":34,"MAC":"74:da:da:98:8f:30"},{"minRssi":42,"MAC":"74:da:da:c0:d7:ea"},{"minRssi":15,"MAC":"0c:73:eb:d0:13:a0"},{"minRssi":88,"MAC":"0c:73:eb:d0:7c:40"},{"minRssi":42,"MAC":"0c:73:eb:d0:19:a0"},{"minRssi":20,"MAC":"74:da:da:c1:3d:85"},{"minRssi":50,"MAC":"74:da:da:98:ea:50"},{"minRssi":83,"MAC":"74:da:da:98:85:1c"},{"minRssi":89,"MAC":"74:da:da:c1:03:2d"},{"minRssi":31,"MAC":"74:da:da:c1:3b:45"},{"minRssi":43,"MAC":"74:da:da:98:ea:5c"},{"minRssi":45,"MAC":"0c:73:eb:d0:0e:98"},{"minRssi":90,"MAC":"58:6a:b1:bf:29:30"},{"minRssi":88,"MAC":"74:da:da:98:85:4c"},{"minRssi":84,"MAC":"74:da:da:c1:25:a2"},{"minRssi":18,"MAC":"0c:73:eb:d0:2a:18"},{"minRssi":22,"MAC":"74:da:da:c0:d7:dd"},{"minRssi":42,"MAC":"74:da:da:c1:47:ce"},{"minRssi":42,"MAC":"74:da:da:c1:3b:65"},{"minRssi":63,"MAC":"74:da:da:98:91:d4"},{"minRssi":20,"MAC":"74:da:da:c1:3d:05"},{"minRssi":44,"MAC":"0c:73:eb:d0:76:30"},{"minRssi":15,"MAC":"0c:73:eb:d0:2a:98"},{"minRssi":37,"MAC":"74:da:da:c0:f3:06"},{"minRssi":42,"MAC":"74:da:da:c0:d8:1e"},{"minRssi":70,"MAC":"74:da:da:c1:3c:56"},{"minRssi":20,"MAC":"0c:73:eb:d0:2a:48"},{"minRssi":21,"MAC":"0c:73:eb:d0:2a:10"},{"minRssi":35,"MAC":"0c:73:eb:d0:19:b8"},{"minRssi":17,"MAC":"0c:73:eb:d0:0e:90"},{"minRssi":46,"MAC":"74:da:da:c1:3d:0e"},{"minRssi":29,"MAC":"74:da:da:c1:47:cd"},{"minRssi":22,"MAC":"74:da:da:c1:4a:7d"},{"minRssi":45,"MAC":"74:da:da:c0:d7:de"},{"minRssi":45,"MAC":"74:da:da:c1:3d:06"},{"minRssi":50,"MAC":"74:da:da:c1:3d:36"},{"minRssi":56,"MAC":"74:da:da:c1:3d:86"},{"minRssi":47,"MAC":"74:da:da:c1:3b:1a"},{"minRssi":77,"MAC":"74:da:da:c1:3c:51"},{"minRssi":75,"MAC":"74:da:da:c0:f3:01"},{"minRssi":78,"MAC":"74:da:da:c1:48:bd"},{"minRssi":21,"MAC":"74:da:da:c1:17:75"},{"minRssi":47,"MAC":"74:da:da:c0:d7:ee"},{"minRssi":67,"MAC":"74:da:da:c1:4a:86"},{"minRssi":69,"MAC":"74:da:da:c0:f2:fd"},{"minRssi":24,"MAC":"74:da:da:c1:3b:79"},{"minRssi":25,"MAC":"74:da:da:c1:3d:09"},{"minRssi":69,"MAC":"74:da:da:c1:3c:4e"},{"minRssi":45,"MAC":"74:da:da:c0:d8:5a"},{"minRssi":41,"MAC":"74:da:da:c0:d8:06"},{"minRssi":37,"MAC":"0c:73:eb:d0:2a:68"},{"minRssi":45,"MAC":"0c:73:eb:d0:76:38"},{"minRssi":20,"MAC":"74:da:da:c0:d8:59"},{"minRssi":76,"MAC":"74:da:da:c1:56:a1"},{"minRssi":46,"MAC":"74:da:da:c0:d8:26"},{"minRssi":36,"MAC":"74:da:da:c1:3c:cd"},{"minRssi":85,"MAC":"74:da:da:98:ea:51"},{"minRssi":45,"MAC":"74:da:da:c1:3b:69"},{"minRssi":40,"MAC":"74:da:da:c1:3b:c9"},{"minRssi":84,"MAC":"74:da:da:c1:3c:86"},{"minRssi":41,"MAC":"74:da:da:c1:3b:cd"},{"minRssi":88,"MAC":"0c:73:eb:d0:7f:10"},{"minRssi":64,"MAC":"74:da:da:c1:3b:49"},{"minRssi":47,"MAC":"74:da:da:c1:3b:85"},{"minRssi":46,"MAC":"0c:73:eb:d0:0e:b8"},{"minRssi":84,"MAC":"74:da:da:c1:25:da"},{"minRssi":42,"MAC":"74:da:da:c1:3d:0a"},{"minRssi":21,"MAC":"74:da:da:c0:d7:ed"},{"minRssi":42,"MAC":"74:da:da:c1:17:76"},{"minRssi":45,"MAC":"0c:73:eb:d0:19:98"},{"minRssi":42,"MAC":"c0:61:18:93:35:28"},{"minRssi":70,"MAC":"fa:63:3f:ad:c3:75"},{"minRssi":78,"MAC":"74:da:da:98:85:00"},{"minRssi":28,"MAC":"74:da:da:c1:4a:c9"},{"minRssi":18,"MAC":"0c:73:eb:d0:2a:20"},{"minRssi":83,"MAC":"74:da:da:98:ea:5d"},{"minRssi":20,"MAC":"74:da:da:c0:d8:25"},{"minRssi":79,"MAC":"74:da:da:c0:f3:5a"},{"minRssi":42,"MAC":"74:da:da:c1:03:61"},{"minRssi":39,"MAC":"74:da:da:98:8f:3c"},{"minRssi":37,"MAC":"0c:73:eb:d0:76:48"},{"minRssi":19,"MAC":"0c:73:eb:d0:2a:38"},{"minRssi":43,"MAC":"74:da:da:c0:d8:7d"},{"minRssi":70,"MAC":"74:da:da:c0:d7:b9"},{"minRssi":78,"MAC":"74:da:da:c0:d7:c6"},{"minRssi":73,"MAC":"74:da:da:c1:25:e6"},{"minRssi":84,"MAC":"74:da:da:c1:25:6a"},{"minRssi":84,"MAC":"74:da:da:c1:6b:4d"},{"minRssi":82,"MAC":"0c:73:eb:d0:7f:08"},{"minRssi":46,"MAC":"74:da:da:c1:3c:8d"},{"minRssi":77,"MAC":"74:da:da:c0:d7:19"},{"minRssi":29,"MAC":"74:da:da:c1:14:99"},{"minRssi":17,"MAC":"0c:73:eb:d0:2a:58"},{"minRssi":47,"MAC":"74:da:da:c1:04:45"},{"minRssi":91,"MAC":"74:da:da:c0:d7:0d"},{"minRssi":18,"MAC":"0c:73:eb:d0:2a:28"},{"minRssi":77,"MAC":"0c:73:eb:d0:11:e0"},{"minRssi":92,"MAC":"74:da:da:c1:3a:dd"},{"minRssi":57,"MAC":"a4:34:d9:da:a2:b9"},{"minRssi":92,"MAC":"74:da:da:c1:3b:ce"},{"minRssi":29,"MAC":"74:da:da:c0:d7:09"},{"minRssi":80,"MAC":"74:da:da:98:92:14"},{"minRssi":89,"MAC":"0c:73:eb:d0:7f:18"},{"minRssi":70,"MAC":"0c:73:eb:d0:7c:38"},{"minRssi":48,"MAC":"0c:73:eb:d0:76:58"},{"minRssi":78,"MAC":"74:da:da:c0:f4:69"},{"minRssi":78,"MAC":"74:da:da:c1:3b:6a"},{"minRssi":82,"MAC":"a4:34:d9:d6:d7:88"},{"minRssi":67,"MAC":"74:da:da:c1:56:ed"},{"minRssi":37,"MAC":"0c:73:eb:d0:19:a8"},{"minRssi":71,"MAC":"0c:73:eb:d0:7e:e0"},{"minRssi":18,"MAC":"0c:73:eb:d0:0e:d0"},{"minRssi":67,"MAC":"0c:73:eb:d0:11:d0"},{"minRssi":90,"MAC":"a4:34:d9:a9:5c:8b"},{"minRssi":90,"MAC":"74:da:da:c0:d8:7e"},{"minRssi":58,"MAC":"74:da:da:c0:e0:69"},{"minRssi":95,"MAC":"44:85:00:14:ac:a3"},{"minRssi":79,"MAC":"74:da:da:98:8f:31"},{"minRssi":43,"MAC":"74:da:da:98:ea:4c"},{"minRssi":52,"MAC":"74:da:da:c1:02:95"},{"minRssi":51,"MAC":"0c:73:eb:d0:2a:88"},{"minRssi":88,"MAC":"74:da:da:c1:3c:ce"},{"minRssi":77,"MAC":"a4:34:d9:a9:02:1d"},{"minRssi":44,"MAC":"0c:73:eb:d0:76:20"},{"minRssi":74,"MAC":"74:da:da:c1:3c:ad"},{"minRssi":92,"MAC":"74:da:da:c1:03:62"},{"minRssi":49,"MAC":"74:da:da:c1:4a:7e"},{"minRssi":38,"MAC":"74:da:da:98:8f:64"},{"minRssi":78,"MAC":"74:da:da:98:8f:3d"},{"minRssi":74,"MAC":"a0:ab:1b:a0:b1:e0"},{"minRssi":60,"MAC":"74:da:da:c1:3c:91"},{"minRssi":74,"MAC":"74:da:da:c1:3b:66"},{"minRssi":40,"MAC":"74:da:da:98:db:44"},{"minRssi":75,"MAC":"74:da:da:98:8d:78"},{"minRssi":69,"MAC":"74:da:da:c1:4b:05"},{"minRssi":71,"MAC":"c0:61:18:93:3e:54"},{"minRssi":52,"MAC":"c0:61:18:93:3e:32"},{"minRssi":72,"MAC":"0c:73:eb:d0:11:b0"},{"minRssi":65,"MAC":"0c:73:eb:d0:7e:d8"},{"minRssi":77,"MAC":"74:da:da:c1:3c:8e"},{"minRssi":58,"MAC":"0c:73:eb:d0:7e:e8"},{"minRssi":84,"MAC":"70:ba:ef:d9:f2:f0"},{"minRssi":43,"MAC":"74:da:da:98:8f:34"},{"minRssi":70,"MAC":"0c:73:eb:d0:11:b8"},{"minRssi":49,"MAC":"74:da:da:c1:4a:ca"},{"minRssi":75,"MAC":"74:da:da:c1:4b:59"},{"minRssi":58,"MAC":"0c:4b:54:ae:bf:bc"},{"minRssi":78,"MAC":"0c:73:eb:d0:7c:10"},{"minRssi":86,"MAC":"74:da:da:c1:25:9e"},{"minRssi":75,"MAC":"74:da:da:c1:3c:99"},{"minRssi":75,"MAC":"0c:73:eb:d0:11:e8"},{"minRssi":45,"MAC":"0c:73:eb:d0:76:40"},{"minRssi":91,"MAC":"74:da:da:c1:5e:ee"},{"minRssi":47,"MAC":"74:da:da:c1:3b:46"},{"minRssi":43,"MAC":"74:da:da:c1:4a:a6"},{"minRssi":70,"MAC":"74:da:da:c1:04:4e"},{"minRssi":47,"MAC":"74:da:da:c1:3b:7a"},{"minRssi":74,"MAC":"74:da:da:c0:e0:71"},{"minRssi":70,"MAC":"74:da:da:c0:e0:81"},{"minRssi":88,"MAC":"74:da:da:c1:04:46"},{"minRssi":73,"MAC":"74:da:da:98:8f:35"},{"minRssi":75,"MAC":"d8:b0:4c:b7:59:14"},{"minRssi":45,"MAC":"74:da:da:c1:3b:9d"},{"minRssi":72,"MAC":"74:da:da:98:7a:50"},{"minRssi":45,"MAC":"74:da:da:c1:3b:4d"},{"minRssi":82,"MAC":"0c:73:eb:d0:7e:f0"},{"minRssi":67,"MAC":"74:da:da:98:7a:60"},{"minRssi":78,"MAC":"0c:73:eb:d0:7c:30"},{"minRssi":50,"MAC":"74:da:da:c0:d7:0a"},{"minRssi":45,"MAC":"74:da:da:c1:14:9a"},{"minRssi":66,"MAC":"74:da:da:c1:3b:86"},{"minRssi":73,"MAC":"74:da:da:98:db:45"},{"minRssi":44,"MAC":"74:da:da:c1:3c:6d"},{"minRssi":42,"MAC":"0c:73:eb:d0:19:b0"},{"minRssi":83,"MAC":"74:da:da:c1:3c:92"},{"minRssi":84,"MAC":"74:da:da:98:8f:65"},{"minRssi":47,"MAC":"74:da:da:c1:61:69"},{"minRssi":82,"MAC":"74:da:da:c1:3c:f5"},{"minRssi":68,"MAC":"74:da:da:c1:3c:d1"},{"minRssi":85,"MAC":"74:da:da:c1:02:96"},{"minRssi":75,"MAC":"74:da:da:c1:3c:e1"},{"minRssi":71,"MAC":"74:da:da:98:7a:6c"},{"minRssi":91,"MAC":"74:da:da:c1:04:4a"},{"minRssi":92,"MAC":"74:da:da:c1:3c:d2"},{"minRssi":94,"MAC":"74:da:da:c1:3c:ae"},{"minRssi":68,"MAC":"0c:73:eb:d0:13:c0"},{"minRssi":76,"MAC":"74:da:da:98:ea:4d"},{"minRssi":72,"MAC":"74:da:da:98:7a:4c"},{"minRssi":95,"MAC":"74:da:da:c0:e2:d9"},{"minRssi":69,"MAC":"74:da:da:98:7a:68"},{"minRssi":81,"MAC":"74:da:da:c1:3c:f9"},{"minRssi":80,"MAC":"0c:4b:54:ae:bf:be"},{"minRssi":82,"MAC":"88:94:7e:bd:41:1c"},{"minRssi":84,"MAC":"0c:73:eb:d0:11:f0"},{"minRssi":92,"MAC":"74:da:da:c1:4b:01"},{"minRssi":92,"MAC":"70:ba:ef:d9:96:b0"},{"minRssi":83,"MAC":"9e:30:5b:9f:bd:70"},{"minRssi":86,"MAC":"74:da:da:98:8d:79"},{"minRssi":88,"MAC":"74:da:da:c1:4b:06"},{"minRssi":82,"MAC":"74:da:da:c1:4a:f5"},{"minRssi":77,"MAC":"74:da:da:c1:3c:dd"},{"minRssi":79,"MAC":"74:da:da:c1:3c:6e"},{"minRssi":87,"MAC":"74:da:da:c1:3b:4e"},{"minRssi":90,"MAC":"74:da:da:c1:61:6a"},{"minRssi":76,"MAC":"74:da:da:c1:3b:ea"},{"minRssi":80,"MAC":"74:da:da:c1:3b:9e"}],"buidinginfo":"shilintong"}]