<?xml version="1.0" encoding="UTF-8"?>
<metadata xml:lang="zh"><Esri><CreaDate>20190522</CreaDate><CreaTime>15090600</CreaTime><ArcGISFormat>1.0</ArcGISFormat><SyncOnce>TRUE</SyncOnce><DataProperties><lineage><Process ToolSource="d:\software\arcgis\arcgis10.2\desktop10.2\ArcToolbox\Toolboxes\Conversion Tools.tbx\JSONToFeatures" Date="20190522" Time="150906">JSONToFeatures C:\Users\包不换\Desktop\Marker3.json D:\Version\MapData\wifi点\20190522-指纹库转arcgis坐标\floor03-wifi.shp</Process></lineage></DataProperties></Esri></metadata>
