{
	"geometryType": "esriGeometryPoint",
	"fields": [{
		"name": "FID",
		"alias": "FID",
		"type": "esriFieldTypeOID"
	},
	{
		"name": "Id",
		"alias": "Id",
		"type": "esriFieldTypeInteger"
	}],
	"features": [{
		"attributes": {
			"Id": 0,
			"FID": 1
		},
		"geometry": {
			"y": 30.46996597,
			"x": 114.52583337
		}
	},
	{
		"attributes": {
			"Id": 0,
			"FID": 2
		},
		"geometry": {
			"y": 30.46994272,
			"x": 114.52583338
		}
	},
	{
		"attributes": {
			"Id": 0,
			"FID": 3
		},
		"geometry": {
			"y": 30.46991362,
			"x": 114.52583792
		}
	},
	{
		"attributes": {
			"Id": 0,
			"FID": 4
		},
		"geometry": {
			"y": 30.46988708,
			"x": 114.52583847
		}
	},
	{
		"attributes": {
			"Id": 0,
			"FID": 5
		},
		"geometry": {
			"y": 30.46996535,
			"x": 114.52585504
		}
	},
	{
		"attributes": {
			"Id": 0,
			"FID": 6
		},
		"geometry": {
			"y": 30.46994215,
			"x": 114.52585541
		}
	},
	{
		"attributes": {
			"Id": 0,
			"FID": 7
		},
		"geometry": {
			"y": 30.46988625,
			"x": 114.52585914
		}
	},
	{
		"attributes": {
			"Id": 0,
			"FID": 8
		},
		"geometry": {
			"y": 30.46991255,
			"x": 114.52586027
		}
	},
	{
		"attributes": {
			"Id": 0,
			"FID": 9
		},
		"geometry": {
			"y": 30.46994265,
			"x": 114.52587752
		}
	},
	{
		"attributes": {
			"Id": 0,
			"FID": 10
		},
		"geometry": {
			"y": 30.46996612,
			"x": 114.52587753
		}
	},
	{
		"attributes": {
			"Id": 0,
			"FID": 11
		},
		"geometry": {
			"y": 30.46998219,
			"x": 114.52587818
		}
	},
	{
		"attributes": {
			"Id": 0,
			"FID": 12
		},
		"geometry": {
			"y": 30.47000148,
			"x": 114.52587871
		}
	},
	{
		"attributes": {
			"Id": 0,
			"FID": 13
		},
		"geometry": {
			"y": 30.46988671,
			"x": 114.5258795
		}
	},
	{
		"attributes": {
			"Id": 0,
			"FID": 14
		},
		"geometry": {
			"y": 30.46991275,
			"x": 114.52588011
		}
	},
	{
		"attributes": {
			"Id": 0,
			"FID": 15
		},
		"geometry": {
			"y": 30.46996687,
			"x": 114.52589849
		}
	},
	{
		"attributes": {
			"Id": 0,
			"FID": 16
		},
		"geometry": {
			"y": 30.46994231,
			"x": 114.52589881
		}
	},
	{
		"attributes": {
			"Id": 0,
			"FID": 17
		},
		"geometry": {
			"y": 30.46988758,
			"x": 114.52589958
		}
	},
	{
		"attributes": {
			"Id": 0,
			"FID": 18
		},
		"geometry": {
			"y": 30.46991242,
			"x": 114.52590248
		}
	},
	{
		"attributes": {
			"Id": 0,
			"FID": 19
		},
		"geometry": {
			"y": 30.4699833,
			"x": 114.52591368
		}
	},
	{
		"attributes": {
			"Id": 0,
			"FID": 20
		},
		"geometry": {
			"y": 30.4700002,
			"x": 114.52591427
		}
	},
	{
		"attributes": {
			"Id": 0,
			"FID": 21
		},
		"geometry": {
			"y": 30.46996691,
			"x": 114.52591883
		}
	},
	{
		"attributes": {
			"Id": 0,
			"FID": 22
		},
		"geometry": {
			"y": 30.4699431,
			"x": 114.52592072
		}
	},
	{
		"attributes": {
			"Id": 0,
			"FID": 23
		},
		"geometry": {
			"y": 30.46988823,
			"x": 114.52592339
		}
	},
	{
		"attributes": {
			"Id": 0,
			"FID": 24
		},
		"geometry": {
			"y": 30.46991278,
			"x": 114.52592724
		}
	},
	{
		"attributes": {
			"Id": 0,
			"FID": 25
		},
		"geometry": {
			"y": 30.46996797,
			"x": 114.52593757
		}
	},
	{
		"attributes": {
			"Id": 0,
			"FID": 26
		},
		"geometry": {
			"y": 30.46994317,
			"x": 114.52593996
		}
	},
	{
		"attributes": {
			"Id": 0,
			"FID": 27
		},
		"geometry": {
			"y": 30.4698879,
			"x": 114.52595164
		}
	},
	{
		"attributes": {
			"Id": 0,
			"FID": 28
		},
		"geometry": {
			"y": 30.46991343,
			"x": 114.52595341
		}
	},
	{
		"attributes": {
			"Id": 0,
			"FID": 29
		},
		"geometry": {
			"y": 30.46996596,
			"x": 114.52596043
		}
	},
	{
		"attributes": {
			"Id": 0,
			"FID": 30
		},
		"geometry": {
			"y": 30.46994289,
			"x": 114.52596161
		}
	},
	{
		"attributes": {
			"Id": 0,
			"FID": 31
		},
		"geometry": {
			"y": 30.46994285,
			"x": 114.52597976
		}
	},
	{
		"attributes": {
			"Id": 0,
			"FID": 32
		},
		"geometry": {
			"y": 30.46985404,
			"x": 114.52598974
		}
	},
	{
		"attributes": {
			"Id": 0,
			"FID": 33
		},
		"geometry": {
			"y": 30.46991526,
			"x": 114.52599207
		}
	},
	{
		"attributes": {
			"Id": 0,
			"FID": 34
		},
		"geometry": {
			"y": 30.46988327,
			"x": 114.52599255
		}
	},
	{
		"attributes": {
			"Id": 0,
			"FID": 35
		},
		"geometry": {
			"y": 30.46996465,
			"x": 114.52599536
		}
	},
	{
		"attributes": {
			"Id": 0,
			"FID": 36
		},
		"geometry": {
			"y": 30.46999393,
			"x": 114.52599545
		}
	},
	{
		"attributes": {
			"Id": 0,
			"FID": 37
		},
		"geometry": {
			"y": 30.46994256,
			"x": 114.52600023
		}
	},
	{
		"attributes": {
			"Id": 0,
			"FID": 38
		},
		"geometry": {
			"y": 30.46985474,
			"x": 114.52601394
		}
	},
	{
		"attributes": {
			"Id": 0,
			"FID": 39
		},
		"geometry": {
			"y": 30.46991474,
			"x": 114.52601581
		}
	},
	{
		"attributes": {
			"Id": 0,
			"FID": 40
		},
		"geometry": {
			"y": 30.4698827,
			"x": 114.52601741
		}
	},
	{
		"attributes": {
			"Id": 0,
			"FID": 41
		},
		"geometry": {
			"y": 30.46994276,
			"x": 114.52601959
		}
	},
	{
		"attributes": {
			"Id": 0,
			"FID": 42
		},
		"geometry": {
			"y": 30.46999229,
			"x": 114.52602951
		}
	},
	{
		"attributes": {
			"Id": 0,
			"FID": 43
		},
		"geometry": {
			"y": 30.46996673,
			"x": 114.52603239
		}
	},
	{
		"attributes": {
			"Id": 0,
			"FID": 44
		},
		"geometry": {
			"y": 30.46985599,
			"x": 114.52603736
		}
	},
	{
		"attributes": {
			"Id": 0,
			"FID": 45
		},
		"geometry": {
			"y": 30.46991417,
			"x": 114.52603954
		}
	},
	{
		"attributes": {
			"Id": 0,
			"FID": 46
		},
		"geometry": {
			"y": 30.46988394,
			"x": 114.52603959
		}
	},
	{
		"attributes": {
			"Id": 0,
			"FID": 47
		},
		"geometry": {
			"y": 30.46994339,
			"x": 114.52603967
		}
	},
	{
		"attributes": {
			"Id": 0,
			"FID": 48
		},
		"geometry": {
			"y": 30.46999709,
			"x": 114.52605834
		}
	},
	{
		"attributes": {
			"Id": 0,
			"FID": 49
		},
		"geometry": {
			"y": 30.46994389,
			"x": 114.52605894
		}
	},
	{
		"attributes": {
			"Id": 0,
			"FID": 50
		},
		"geometry": {
			"y": 30.46996823,
			"x": 114.52606851
		}
	},
	{
		"attributes": {
			"Id": 0,
			"FID": 51
		},
		"geometry": {
			"y": 30.46990452,
			"x": 114.52607139
		}
	},
	{
		"attributes": {
			"Id": 0,
			"FID": 52
		},
		"geometry": {
			"y": 30.46988181,
			"x": 114.52607146
		}
	},
	{
		"attributes": {
			"Id": 0,
			"FID": 53
		},
		"geometry": {
			"y": 30.46986222,
			"x": 114.5260716
		}
	},
	{
		"attributes": {
			"Id": 0,
			"FID": 54
		},
		"geometry": {
			"y": 30.46994417,
			"x": 114.52607178
		}
	},
	{
		"attributes": {
			"Id": 0,
			"FID": 55
		},
		"geometry": {
			"y": 30.46992376,
			"x": 114.52607228
		}
	},
	{
		"attributes": {
			"Id": 0,
			"FID": 56
		},
		"geometry": {
			"y": 30.46984557,
			"x": 114.52607273
		}
	},
	{
		"attributes": {
			"Id": 0,
			"FID": 57
		},
		"geometry": {
			"y": 30.46999611,
			"x": 114.52607766
		}
	},
	{
		"attributes": {
			"Id": 0,
			"FID": 58
		},
		"geometry": {
			"y": 30.46988107,
			"x": 114.5260893
		}
	},
	{
		"attributes": {
			"Id": 0,
			"FID": 59
		},
		"geometry": {
			"y": 30.46984449,
			"x": 114.52608981
		}
	},
	{
		"attributes": {
			"Id": 0,
			"FID": 60
		},
		"geometry": {
			"y": 30.4698618,
			"x": 114.52608998
		}
	},
	{
		"attributes": {
			"Id": 0,
			"FID": 61
		},
		"geometry": {
			"y": 30.46990467,
			"x": 114.52609041
		}
	},
	{
		"attributes": {
			"Id": 0,
			"FID": 62
		},
		"geometry": {
			"y": 30.46986183,
			"x": 114.52610894
		}
	},
	{
		"attributes": {
			"Id": 0,
			"FID": 63
		},
		"geometry": {
			"y": 30.46988085,
			"x": 114.52611024
		}
	},
	{
		"attributes": {
			"Id": 0,
			"FID": 64
		},
		"geometry": {
			"y": 30.46990464,
			"x": 114.5261119
		}
	},
	{
		"attributes": {
			"Id": 0,
			"FID": 65
		},
		"geometry": {
			"y": 30.4698438,
			"x": 114.52611245
		}
	},
	{
		"attributes": {
			"Id": 0,
			"FID": 66
		},
		"geometry": {
			"y": 30.46990599,
			"x": 114.52613174
		}
	},
	{
		"attributes": {
			"Id": 0,
			"FID": 67
		},
		"geometry": {
			"y": 30.46987993,
			"x": 114.52613177
		}
	},
	{
		"attributes": {
			"Id": 0,
			"FID": 68
		},
		"geometry": {
			"y": 30.46986059,
			"x": 114.52613285
		}
	},
	{
		"attributes": {
			"Id": 0,
			"FID": 69
		},
		"geometry": {
			"y": 30.46984473,
			"x": 114.52613304
		}
	},
	{
		"attributes": {
			"Id": 0,
			"FID": 70
		},
		"geometry": {
			"y": 30.46996573,
			"x": 114.52614314
		}
	},
	{
		"attributes": {
			"Id": 0,
			"FID": 71
		},
		"geometry": {
			"y": 30.46994928,
			"x": 114.52614329
		}
	},
	{
		"attributes": {
			"Id": 0,
			"FID": 72
		},
		"geometry": {
			"y": 30.46992888,
			"x": 114.52614344
		}
	},
	{
		"attributes": {
			"Id": 0,
			"FID": 73
		},
		"geometry": {
			"y": 30.46990689,
			"x": 114.52614915
		}
	},
	{
		"attributes": {
			"Id": 0,
			"FID": 74
		},
		"geometry": {
			"y": 30.46987916,
			"x": 114.52615967
		}
	},
	{
		"attributes": {
			"Id": 0,
			"FID": 75
		},
		"geometry": {
			"y": 30.46984319,
			"x": 114.52615977
		}
	},
	{
		"attributes": {
			"Id": 0,
			"FID": 76
		},
		"geometry": {
			"y": 30.46986009,
			"x": 114.52616022
		}
	},
	{
		"attributes": {
			"Id": 0,
			"FID": 77
		},
		"geometry": {
			"y": 30.46994733,
			"x": 114.52617059
		}
	},
	{
		"attributes": {
			"Id": 0,
			"FID": 78
		},
		"geometry": {
			"y": 30.46996531,
			"x": 114.52617184
		}
	},
	{
		"attributes": {
			"Id": 0,
			"FID": 79
		},
		"geometry": {
			"y": 30.4699276,
			"x": 114.52617305
		}
	},
	{
		"attributes": {
			"Id": 0,
			"FID": 80
		},
		"geometry": {
			"y": 30.46990739,
			"x": 114.52617312
		}
	},
	{
		"attributes": {
			"Id": 0,
			"FID": 81
		},
		"geometry": {
			"y": 30.46984376,
			"x": 114.52618577
		}
	},
	{
		"attributes": {
			"Id": 0,
			"FID": 82
		},
		"geometry": {
			"y": 30.46987924,
			"x": 114.52618598
		}
	},
	{
		"attributes": {
			"Id": 0,
			"FID": 83
		},
		"geometry": {
			"y": 30.46986101,
			"x": 114.526186
		}
	},
	{
		"attributes": {
			"Id": 0,
			"FID": 84
		},
		"geometry": {
			"y": 30.4699661,
			"x": 114.52619173
		}
	},
	{
		"attributes": {
			"Id": 0,
			"FID": 85
		},
		"geometry": {
			"y": 30.46994902,
			"x": 114.52619217
		}
	},
	{
		"attributes": {
			"Id": 0,
			"FID": 86
		},
		"geometry": {
			"y": 30.46993178,
			"x": 114.52619291
		}
	},
	{
		"attributes": {
			"Id": 0,
			"FID": 87
		},
		"geometry": {
			"y": 30.46990811,
			"x": 114.52619352
		}
	},
	{
		"attributes": {
			"Id": 0,
			"FID": 88
		},
		"geometry": {
			"y": 30.4699037,
			"x": 114.52620723
		}
	},
	{
		"attributes": {
			"Id": 0,
			"FID": 89
		},
		"geometry": {
			"y": 30.4698205,
			"x": 114.52620856
		}
	},
	{
		"attributes": {
			"Id": 0,
			"FID": 90
		},
		"geometry": {
			"y": 30.46984977,
			"x": 114.52621296
		}
	},
	{
		"attributes": {
			"Id": 0,
			"FID": 91
		},
		"geometry": {
			"y": 30.46988128,
			"x": 114.52621796
		}
	},
	{
		"attributes": {
			"Id": 0,
			"FID": 92
		},
		"geometry": {
			"y": 30.46993163,
			"x": 114.52622235
		}
	},
	{
		"attributes": {
			"Id": 0,
			"FID": 93
		},
		"geometry": {
			"y": 30.46996637,
			"x": 114.52622359
		}
	},
	{
		"attributes": {
			"Id": 0,
			"FID": 94
		},
		"geometry": {
			"y": 30.46995079,
			"x": 114.52622413
		}
	},
	{
		"attributes": {
			"Id": 0,
			"FID": 95
		},
		"geometry": {
			"y": 30.46990501,
			"x": 114.52622917
		}
	},
	{
		"attributes": {
			"Id": 0,
			"FID": 96
		},
		"geometry": {
			"y": 30.46984814,
			"x": 114.526235
		}
	},
	{
		"attributes": {
			"Id": 0,
			"FID": 97
		},
		"geometry": {
			"y": 30.46987961,
			"x": 114.52623592
		}
	},
	{
		"attributes": {
			"Id": 0,
			"FID": 98
		},
		"geometry": {
			"y": 30.46982053,
			"x": 114.52623701
		}
	},
	{
		"attributes": {
			"Id": 0,
			"FID": 99
		},
		"geometry": {
			"y": 30.46996712,
			"x": 114.52624731
		}
	},
	{
		"attributes": {
			"Id": 0,
			"FID": 100
		},
		"geometry": {
			"y": 30.46993192,
			"x": 114.52624818
		}
	},
	{
		"attributes": {
			"Id": 0,
			"FID": 101
		},
		"geometry": {
			"y": 30.46994988,
			"x": 114.52624821
		}
	},
	{
		"attributes": {
			"Id": 0,
			"FID": 102
		},
		"geometry": {
			"y": 30.46990562,
			"x": 114.52625015
		}
	},
	{
		"attributes": {
			"Id": 0,
			"FID": 103
		},
		"geometry": {
			"y": 30.46987983,
			"x": 114.52625742
		}
	},
	{
		"attributes": {
			"Id": 0,
			"FID": 104
		},
		"geometry": {
			"y": 30.46984732,
			"x": 114.52625899
		}
	},
	{
		"attributes": {
			"Id": 0,
			"FID": 105
		},
		"geometry": {
			"y": 30.46982407,
			"x": 114.52626044
		}
	},
	{
		"attributes": {
			"Id": 0,
			"FID": 106
		},
		"geometry": {
			"y": 30.46990625,
			"x": 114.52626788
		}
	},
	{
		"attributes": {
			"Id": 0,
			"FID": 107
		},
		"geometry": {
			"y": 30.46996754,
			"x": 114.52627131
		}
	},
	{
		"attributes": {
			"Id": 0,
			"FID": 108
		},
		"geometry": {
			"y": 30.46993397,
			"x": 114.52627227
		}
	},
	{
		"attributes": {
			"Id": 0,
			"FID": 109
		},
		"geometry": {
			"y": 30.46994978,
			"x": 114.52627269
		}
	},
	{
		"attributes": {
			"Id": 0,
			"FID": 110
		},
		"geometry": {
			"y": 30.46982515,
			"x": 114.5262796
		}
	},
	{
		"attributes": {
			"Id": 0,
			"FID": 111
		},
		"geometry": {
			"y": 30.46984796,
			"x": 114.52628195
		}
	},
	{
		"attributes": {
			"Id": 0,
			"FID": 112
		},
		"geometry": {
			"y": 30.46987942,
			"x": 114.52628279
		}
	},
	{
		"attributes": {
			"Id": 0,
			"FID": 113
		},
		"geometry": {
			"y": 30.46990492,
			"x": 114.52628669
		}
	},
	{
		"attributes": {
			"Id": 0,
			"FID": 114
		},
		"geometry": {
			"y": 30.46994893,
			"x": 114.52629245
		}
	},
	{
		"attributes": {
			"Id": 0,
			"FID": 115
		},
		"geometry": {
			"y": 30.46996903,
			"x": 114.52629267
		}
	},
	{
		"attributes": {
			"Id": 0,
			"FID": 116
		},
		"geometry": {
			"y": 30.46993216,
			"x": 114.52629381
		}
	},
	{
		"attributes": {
			"Id": 0,
			"FID": 117
		},
		"geometry": {
			"y": 30.46982468,
			"x": 114.5262956
		}
	},
	{
		"attributes": {
			"Id": 0,
			"FID": 118
		},
		"geometry": {
			"y": 30.46987923,
			"x": 114.5262987
		}
	},
	{
		"attributes": {
			"Id": 0,
			"FID": 119
		},
		"geometry": {
			"y": 30.46984853,
			"x": 114.52629872
		}
	},
	{
		"attributes": {
			"Id": 0,
			"FID": 120
		},
		"geometry": {
			"y": 30.46990416,
			"x": 114.52630794
		}
	},
	{
		"attributes": {
			"Id": 0,
			"FID": 121
		},
		"geometry": {
			"y": 30.46984866,
			"x": 114.52631307
		}
	},
	{
		"attributes": {
			"Id": 0,
			"FID": 122
		},
		"geometry": {
			"y": 30.46982412,
			"x": 114.52631317
		}
	},
	{
		"attributes": {
			"Id": 0,
			"FID": 123
		},
		"geometry": {
			"y": 30.46987905,
			"x": 114.52631382
		}
	},
	{
		"attributes": {
			"Id": 0,
			"FID": 124
		},
		"geometry": {
			"y": 30.46993135,
			"x": 114.5263156
		}
	},
	{
		"attributes": {
			"Id": 0,
			"FID": 125
		},
		"geometry": {
			"y": 30.46994906,
			"x": 114.52631641
		}
	},
	{
		"attributes": {
			"Id": 0,
			"FID": 126
		},
		"geometry": {
			"y": 30.46996788,
			"x": 114.52631658
		}
	},
	{
		"attributes": {
			"Id": 0,
			"FID": 127
		},
		"geometry": {
			"y": 30.46990309,
			"x": 114.52632864
		}
	},
	{
		"attributes": {
			"Id": 0,
			"FID": 128
		},
		"geometry": {
			"y": 30.46987907,
			"x": 114.52632983
		}
	},
	{
		"attributes": {
			"Id": 0,
			"FID": 129
		},
		"geometry": {
			"y": 30.46986056,
			"x": 114.52634182
		}
	},
	{
		"attributes": {
			"Id": 0,
			"FID": 130
		},
		"geometry": {
			"y": 30.46983616,
			"x": 114.52634333
		}
	},
	{
		"attributes": {
			"Id": 0,
			"FID": 131
		},
		"geometry": {
			"y": 30.46994919,
			"x": 114.52634392
		}
	},
	{
		"attributes": {
			"Id": 0,
			"FID": 132
		},
		"geometry": {
			"y": 30.46993031,
			"x": 114.526349
		}
	},
	{
		"attributes": {
			"Id": 0,
			"FID": 133
		},
		"geometry": {
			"y": 30.46996319,
			"x": 114.52635312
		}
	},
	{
		"attributes": {
			"Id": 0,
			"FID": 134
		},
		"geometry": {
			"y": 30.46987896,
			"x": 114.52635721
		}
	},
	{
		"attributes": {
			"Id": 0,
			"FID": 135
		},
		"geometry": {
			"y": 30.46986061,
			"x": 114.52635735
		}
	},
	{
		"attributes": {
			"Id": 0,
			"FID": 136
		},
		"geometry": {
			"y": 30.46990079,
			"x": 114.52635823
		}
	},
	{
		"attributes": {
			"Id": 0,
			"FID": 137
		},
		"geometry": {
			"y": 30.46987841,
			"x": 114.52635866
		}
	},
	{
		"attributes": {
			"Id": 0,
			"FID": 138
		},
		"geometry": {
			"y": 30.46990334,
			"x": 114.52637218
		}
	},
	{
		"attributes": {
			"Id": 0,
			"FID": 139
		},
		"geometry": {
			"y": 30.46983727,
			"x": 114.52637253
		}
	},
	{
		"attributes": {
			"Id": 0,
			"FID": 140
		},
		"geometry": {
			"y": 30.46996258,
			"x": 114.52637688
		}
	},
	{
		"attributes": {
			"Id": 0,
			"FID": 141
		},
		"geometry": {
			"y": 30.46993526,
			"x": 114.52637786
		}
	},
	{
		"attributes": {
			"Id": 0,
			"FID": 142
		},
		"geometry": {
			"y": 30.4698791,
			"x": 114.52638373
		}
	},
	{
		"attributes": {
			"Id": 0,
			"FID": 143
		},
		"geometry": {
			"y": 30.46990137,
			"x": 114.52638674
		}
	},
	{
		"attributes": {
			"Id": 0,
			"FID": 144
		},
		"geometry": {
			"y": 30.46990325,
			"x": 114.5263949
		}
	},
	{
		"attributes": {
			"Id": 0,
			"FID": 145
		},
		"geometry": {
			"y": 30.46983548,
			"x": 114.52640188
		}
	},
	{
		"attributes": {
			"Id": 0,
			"FID": 146
		},
		"geometry": {
			"y": 30.46987812,
			"x": 114.5264052
		}
	},
	{
		"attributes": {
			"Id": 0,
			"FID": 147
		},
		"geometry": {
			"y": 30.46996519,
			"x": 114.52640808
		}
	},
	{
		"attributes": {
			"Id": 0,
			"FID": 148
		},
		"geometry": {
			"y": 30.46993661,
			"x": 114.52640974
		}
	},
	{
		"attributes": {
			"Id": 0,
			"FID": 149
		},
		"geometry": {
			"y": 30.46990218,
			"x": 114.52641489
		}
	},
	{
		"attributes": {
			"Id": 0,
			"FID": 150
		},
		"geometry": {
			"y": 30.4699031,
			"x": 114.52641509
		}
	},
	{
		"attributes": {
			"Id": 0,
			"FID": 151
		},
		"geometry": {
			"y": 30.46983412,
			"x": 114.52642861
		}
	},
	{
		"attributes": {
			"Id": 0,
			"FID": 152
		},
		"geometry": {
			"y": 30.46985839,
			"x": 114.52642873
		}
	},
	{
		"attributes": {
			"Id": 0,
			"FID": 153
		},
		"geometry": {
			"y": 30.46987824,
			"x": 114.52643073
		}
	},
	{
		"attributes": {
			"Id": 0,
			"FID": 154
		},
		"geometry": {
			"y": 30.46990387,
			"x": 114.52643706
		}
	},
	{
		"attributes": {
			"Id": 0,
			"FID": 155
		},
		"geometry": {
			"y": 30.46990233,
			"x": 114.52643756
		}
	},
	{
		"attributes": {
			"Id": 0,
			"FID": 156
		},
		"geometry": {
			"y": 30.46983306,
			"x": 114.52644801
		}
	},
	{
		"attributes": {
			"Id": 0,
			"FID": 157
		},
		"geometry": {
			"y": 30.46998912,
			"x": 114.52644922
		}
	},
	{
		"attributes": {
			"Id": 0,
			"FID": 158
		},
		"geometry": {
			"y": 30.46993936,
			"x": 114.52645411
		}
	},
	{
		"attributes": {
			"Id": 0,
			"FID": 159
		},
		"geometry": {
			"y": 30.46995792,
			"x": 114.52645578
		}
	},
	{
		"attributes": {
			"Id": 0,
			"FID": 160
		},
		"geometry": {
			"y": 30.46991363,
			"x": 114.5264562
		}
	},
	{
		"attributes": {
			"Id": 0,
			"FID": 161
		},
		"geometry": {
			"y": 30.46988234,
			"x": 114.52645905
		}
	},
	{
		"attributes": {
			"Id": 0,
			"FID": 162
		},
		"geometry": {
			"y": 30.46983292,
			"x": 114.52646547
		}
	},
	{
		"attributes": {
			"Id": 0,
			"FID": 163
		},
		"geometry": {
			"y": 30.46985859,
			"x": 114.52646575
		}
	},
	{
		"attributes": {
			"Id": 0,
			"FID": 164
		},
		"geometry": {
			"y": 30.46990014,
			"x": 114.52646708
		}
	},
	{
		"attributes": {
			"Id": 0,
			"FID": 165
		},
		"geometry": {
			"y": 30.46998983,
			"x": 114.52646817
		}
	},
	{
		"attributes": {
			"Id": 0,
			"FID": 166
		},
		"geometry": {
			"y": 30.46988229,
			"x": 114.52647487
		}
	},
	{
		"attributes": {
			"Id": 0,
			"FID": 167
		},
		"geometry": {
			"y": 30.46993923,
			"x": 114.52647987
		}
	},
	{
		"attributes": {
			"Id": 0,
			"FID": 168
		},
		"geometry": {
			"y": 30.469882,
			"x": 114.52648382
		}
	},
	{
		"attributes": {
			"Id": 0,
			"FID": 169
		},
		"geometry": {
			"y": 30.46991066,
			"x": 114.5264846
		}
	},
	{
		"attributes": {
			"Id": 0,
			"FID": 170
		},
		"geometry": {
			"y": 30.46995525,
			"x": 114.5264847
		}
	},
	{
		"attributes": {
			"Id": 0,
			"FID": 171
		},
		"geometry": {
			"y": 30.46983179,
			"x": 114.52648621
		}
	},
	{
		"attributes": {
			"Id": 0,
			"FID": 172
		},
		"geometry": {
			"y": 30.46984548,
			"x": 114.5264864
		}
	},
	{
		"attributes": {
			"Id": 0,
			"FID": 173
		},
		"geometry": {
			"y": 30.46986018,
			"x": 114.52648657
		}
	},
	{
		"attributes": {
			"Id": 0,
			"FID": 174
		},
		"geometry": {
			"y": 30.47000776,
			"x": 114.52648833
		}
	},
	{
		"attributes": {
			"Id": 0,
			"FID": 175
		},
		"geometry": {
			"y": 30.46993819,
			"x": 114.52649816
		}
	},
	{
		"attributes": {
			"Id": 0,
			"FID": 176
		},
		"geometry": {
			"y": 30.4699112,
			"x": 114.52651135
		}
	},
	{
		"attributes": {
			"Id": 0,
			"FID": 177
		},
		"geometry": {
			"y": 30.46990114,
			"x": 114.52651152
		}
	},
	{
		"attributes": {
			"Id": 0,
			"FID": 178
		},
		"geometry": {
			"y": 30.4700076,
			"x": 114.52651154
		}
	},
	{
		"attributes": {
			"Id": 0,
			"FID": 179
		},
		"geometry": {
			"y": 30.46995948,
			"x": 114.52651156
		}
	},
	{
		"attributes": {
			"Id": 0,
			"FID": 180
		},
		"geometry": {
			"y": 30.46992507,
			"x": 114.52651195
		}
	},
	{
		"attributes": {
			"Id": 0,
			"FID": 181
		},
		"geometry": {
			"y": 30.46998404,
			"x": 114.52651232
		}
	},
	{
		"attributes": {
			"Id": 0,
			"FID": 182
		},
		"geometry": {
			"y": 30.46983089,
			"x": 114.52651497
		}
	},
	{
		"attributes": {
			"Id": 0,
			"FID": 183
		},
		"geometry": {
			"y": 30.46984403,
			"x": 114.52651585
		}
	},
	{
		"attributes": {
			"Id": 0,
			"FID": 184
		},
		"geometry": {
			"y": 30.46993919,
			"x": 114.52652146
		}
	},
	{
		"attributes": {
			"Id": 0,
			"FID": 185
		},
		"geometry": {
			"y": 30.46995203,
			"x": 114.52653813
		}
	},
	{
		"attributes": {
			"Id": 0,
			"FID": 186
		},
		"geometry": {
			"y": 30.4699845,
			"x": 114.52653922
		}
	},
	{
		"attributes": {
			"Id": 0,
			"FID": 187
		},
		"geometry": {
			"y": 30.47000673,
			"x": 114.52653925
		}
	},
	{
		"attributes": {
			"Id": 0,
			"FID": 188
		},
		"geometry": {
			"y": 30.46992459,
			"x": 114.52654064
		}
	},
	{
		"attributes": {
			"Id": 0,
			"FID": 189
		},
		"geometry": {
			"y": 30.46990113,
			"x": 114.52654187
		}
	},
	{
		"attributes": {
			"Id": 0,
			"FID": 190
		},
		"geometry": {
			"y": 30.46988096,
			"x": 114.52654193
		}
	},
	{
		"attributes": {
			"Id": 0,
			"FID": 191
		},
		"geometry": {
			"y": 30.46985897,
			"x": 114.52654422
		}
	},
	{
		"attributes": {
			"Id": 0,
			"FID": 192
		},
		"geometry": {
			"y": 30.46982986,
			"x": 114.52654594
		}
	},
	{
		"attributes": {
			"Id": 0,
			"FID": 193
		},
		"geometry": {
			"y": 30.46984256,
			"x": 114.52654639
		}
	},
	{
		"attributes": {
			"Id": 0,
			"FID": 194
		},
		"geometry": {
			"y": 30.46993867,
			"x": 114.52654786
		}
	},
	{
		"attributes": {
			"Id": 0,
			"FID": 195
		},
		"geometry": {
			"y": 30.46991875,
			"x": 114.52655525
		}
	},
	{
		"attributes": {
			"Id": 0,
			"FID": 196
		},
		"geometry": {
			"y": 30.46989866,
			"x": 114.52655807
		}
	},
	{
		"attributes": {
			"Id": 0,
			"FID": 197
		},
		"geometry": {
			"y": 30.4698736,
			"x": 114.52655849
		}
	},
	{
		"attributes": {
			"Id": 0,
			"FID": 198
		},
		"geometry": {
			"y": 30.47001092,
			"x": 114.5265598
		}
	},
	{
		"attributes": {
			"Id": 0,
			"FID": 199
		},
		"geometry": {
			"y": 30.46995828,
			"x": 114.52656024
		}
	},
	{
		"attributes": {
			"Id": 0,
			"FID": 200
		},
		"geometry": {
			"y": 30.46998556,
			"x": 114.52656234
		}
	},
	{
		"attributes": {
			"Id": 0,
			"FID": 201
		},
		"geometry": {
			"y": 30.46993953,
			"x": 114.52657112
		}
	},
	{
		"attributes": {
			"Id": 0,
			"FID": 202
		},
		"geometry": {
			"y": 30.4698706,
			"x": 114.52659032
		}
	},
	{
		"attributes": {
			"Id": 0,
			"FID": 203
		},
		"geometry": {
			"y": 30.46989628,
			"x": 114.52659155
		}
	},
	{
		"attributes": {
			"Id": 0,
			"FID": 204
		},
		"geometry": {
			"y": 30.47000907,
			"x": 114.52659318
		}
	},
	{
		"attributes": {
			"Id": 0,
			"FID": 205
		},
		"geometry": {
			"y": 30.46991934,
			"x": 114.52659348
		}
	},
	{
		"attributes": {
			"Id": 0,
			"FID": 206
		},
		"geometry": {
			"y": 30.46995886,
			"x": 114.526594
		}
	},
	{
		"attributes": {
			"Id": 0,
			"FID": 207
		},
		"geometry": {
			"y": 30.46998441,
			"x": 114.52659446
		}
	},
	{
		"attributes": {
			"Id": 0,
			"FID": 208
		},
		"geometry": {
			"y": 30.4699386,
			"x": 114.52660194
		}
	},
	{
		"attributes": {
			"Id": 0,
			"FID": 209
		},
		"geometry": {
			"y": 30.46992014,
			"x": 114.52662643
		}
	},
	{
		"attributes": {
			"Id": 0,
			"FID": 210
		},
		"geometry": {
			"y": 30.46993882,
			"x": 114.52663189
		}
	},
	{
		"attributes": {
			"Id": 0,
			"FID": 211
		},
		"geometry": {
			"y": 30.47001081,
			"x": 114.52663231
		}
	},
	{
		"attributes": {
			"Id": 0,
			"FID": 212
		},
		"geometry": {
			"y": 30.4699612,
			"x": 114.52663429
		}
	},
	{
		"attributes": {
			"Id": 0,
			"FID": 213
		},
		"geometry": {
			"y": 30.46994184,
			"x": 114.52666141
		}
	},
	{
		"attributes": {
			"Id": 0,
			"FID": 214
		},
		"geometry": {
			"y": 30.46991978,
			"x": 114.52666587
		}
	},
	{
		"attributes": {
			"Id": 0,
			"FID": 215
		},
		"geometry": {
			"y": 30.46989928,
			"x": 114.52666678
		}
	},
	{
		"attributes": {
			"Id": 0,
			"FID": 216
		},
		"geometry": {
			"y": 30.46987231,
			"x": 114.5266687
		}
	},
	{
		"attributes": {
			"Id": 0,
			"FID": 217
		},
		"geometry": {
			"y": 30.47001078,
			"x": 114.52666992
		}
	},
	{
		"attributes": {
			"Id": 0,
			"FID": 218
		},
		"geometry": {
			"y": 30.46996093,
			"x": 114.52667011
		}
	},
	{
		"attributes": {
			"Id": 0,
			"FID": 219
		},
		"geometry": {
			"y": 30.46998767,
			"x": 114.52667092
		}
	},
	{
		"attributes": {
			"Id": 0,
			"FID": 220
		},
		"geometry": {
			"y": 30.46994071,
			"x": 114.52668657
		}
	},
	{
		"attributes": {
			"Id": 0,
			"FID": 221
		},
		"geometry": {
			"y": 30.46987004,
			"x": 114.52669669
		}
	},
	{
		"attributes": {
			"Id": 0,
			"FID": 222
		},
		"geometry": {
			"y": 30.46999579,
			"x": 114.52670332
		}
	},
	{
		"attributes": {
			"Id": 0,
			"FID": 223
		},
		"geometry": {
			"y": 30.46997593,
			"x": 114.52670441
		}
	},
	{
		"attributes": {
			"Id": 0,
			"FID": 224
		},
		"geometry": {
			"y": 30.46990126,
			"x": 114.52670549
		}
	},
	{
		"attributes": {
			"Id": 0,
			"FID": 225
		},
		"geometry": {
			"y": 30.46995653,
			"x": 114.52670581
		}
	},
	{
		"attributes": {
			"Id": 0,
			"FID": 226
		},
		"geometry": {
			"y": 30.46991716,
			"x": 114.526706
		}
	},
	{
		"attributes": {
			"Id": 0,
			"FID": 227
		},
		"geometry": {
			"y": 30.46988551,
			"x": 114.52670626
		}
	},
	{
		"attributes": {
			"Id": 0,
			"FID": 228
		},
		"geometry": {
			"y": 30.46994024,
			"x": 114.52670736
		}
	}],
	"displayFieldName": "",
	"fieldAliases": {
		"Id": "Id",
		"FID": "FID"
	},
	"spatialReference": {
		"wkt" : "GEOGCS[\"WuHan WGS84 LL\",DATUM[\"D_WGS_1984\",SPHEROID[\"World_Geodetic_System_of_1984_GEM_10C\",6378137.0,298.257223563]],PRIMEM[\"Greenwich\",0.0],UNIT[\"Degree\",0.0174532925199433]]"
	}
}