{
	"fields": [{
		"name": "FID",
		"alias": "FID",
		"type": "esriFieldTypeOID"
	},
	{
		"name": "Id",
		"alias": "Id",
		"type": "esriFieldTypeInteger"
	}],
	"geometryType": "esriGeometryPoint",
	"spatialReference": {
		"wkt" : "GEOGCS[\"WuHan WGS84 LL\",DATUM[\"D_WGS_1984\",SPHEROID[\"World_Geodetic_System_of_1984_GEM_10C\",6378137.0,298.257223563]],PRIMEM[\"Greenwich\",0.0],UNIT[\"Degree\",0.0174532925199433]]"
	},
	"fieldAliases": {
		"FID": "FID",
		"Id": "Id"
	},
	"features": [{
		"geometry": {
			"y": 30.46993916,
			"x": 114.52583314
		},
		"attributes": {
			"FID": 1,
			"Id": 0
		}
	},
	{
		"geometry": {
			"y": 30.46988444,
			"x": 114.52583627
		},
		"attributes": {
			"FID": 2,
			"Id": 0
		}
	},
	{
		"geometry": {
			"y": 30.46991978,
			"x": 114.5258379
		},
		"attributes": {
			"FID": 3,
			"Id": 0
		}
	},
	{
		"geometry": {
			"y": 30.46990346,
			"x": 114.52583817
		},
		"attributes": {
			"FID": 4,
			"Id": 0
		}
	},
	{
		"geometry": {
			"y": 30.46999678,
			"x": 114.52584133
		},
		"attributes": {
			"FID": 5,
			"Id": 0
		}
	},
	{
		"geometry": {
			"y": 30.46997362,
			"x": 114.52584134
		},
		"attributes": {
			"FID": 6,
			"Id": 0
		}
	},
	{
		"geometry": {
			"y": 30.46993893,
			"x": 114.5258487
		},
		"attributes": {
			"FID": 7,
			"Id": 0
		}
	},
	{
		"geometry": {
			"y": 30.4699019,
			"x": 114.52585991
		},
		"attributes": {
			"FID": 8,
			"Id": 0
		}
	},
	{
		"geometry": {
			"y": 30.4698831,
			"x": 114.52585998
		},
		"attributes": {
			"FID": 9,
			"Id": 0
		}
	},
	{
		"geometry": {
			"y": 30.46991751,
			"x": 114.52586017
		},
		"attributes": {
			"FID": 10,
			"Id": 0
		}
	},
	{
		"geometry": {
			"y": 30.4699737,
			"x": 114.52586294
		},
		"attributes": {
			"FID": 11,
			"Id": 0
		}
	},
	{
		"geometry": {
			"y": 30.46999698,
			"x": 114.52586385
		},
		"attributes": {
			"FID": 12,
			"Id": 0
		}
	},
	{
		"geometry": {
			"y": 30.46993956,
			"x": 114.52586597
		},
		"attributes": {
			"FID": 13,
			"Id": 0
		}
	},
	{
		"geometry": {
			"y": 30.46990197,
			"x": 114.52587845
		},
		"attributes": {
			"FID": 14,
			"Id": 0
		}
	},
	{
		"geometry": {
			"y": 30.46988317,
			"x": 114.52587925
		},
		"attributes": {
			"FID": 15,
			"Id": 0
		}
	},
	{
		"geometry": {
			"y": 30.46991825,
			"x": 114.52587962
		},
		"attributes": {
			"FID": 16,
			"Id": 0
		}
	},
	{
		"geometry": {
			"y": 30.46997257,
			"x": 114.52588307
		},
		"attributes": {
			"FID": 17,
			"Id": 0
		}
	},
	{
		"geometry": {
			"y": 30.46999626,
			"x": 114.52588319
		},
		"attributes": {
			"FID": 18,
			"Id": 0
		}
	},
	{
		"geometry": {
			"y": 30.46993949,
			"x": 114.52588703
		},
		"attributes": {
			"FID": 19,
			"Id": 0
		}
	},
	{
		"geometry": {
			"y": 30.46999552,
			"x": 114.52590424
		},
		"attributes": {
			"FID": 20,
			"Id": 0
		}
	},
	{
		"geometry": {
			"y": 30.46997367,
			"x": 114.52590509
		},
		"attributes": {
			"FID": 21,
			"Id": 0
		}
	},
	{
		"geometry": {
			"y": 30.4699394,
			"x": 114.52590832
		},
		"attributes": {
			"FID": 22,
			"Id": 0
		}
	},
	{
		"geometry": {
			"y": 30.46989932,
			"x": 114.52591539
		},
		"attributes": {
			"FID": 23,
			"Id": 0
		}
	},
	{
		"geometry": {
			"y": 30.46988062,
			"x": 114.52591543
		},
		"attributes": {
			"FID": 24,
			"Id": 0
		}
	},
	{
		"geometry": {
			"y": 30.46991509,
			"x": 114.52591608
		},
		"attributes": {
			"FID": 25,
			"Id": 0
		}
	},
	{
		"geometry": {
			"y": 30.46989846,
			"x": 114.52591614
		},
		"attributes": {
			"FID": 26,
			"Id": 0
		}
	},
	{
		"geometry": {
			"y": 30.46988253,
			"x": 114.52591695
		},
		"attributes": {
			"FID": 27,
			"Id": 0
		}
	},
	{
		"geometry": {
			"y": 30.46993954,
			"x": 114.52592931
		},
		"attributes": {
			"FID": 28,
			"Id": 0
		}
	},
	{
		"geometry": {
			"y": 30.46999417,
			"x": 114.52592976
		},
		"attributes": {
			"FID": 29,
			"Id": 0
		}
	},
	{
		"geometry": {
			"y": 30.46997217,
			"x": 114.52593065
		},
		"attributes": {
			"FID": 30,
			"Id": 0
		}
	},
	{
		"geometry": {
			"y": 30.46991481,
			"x": 114.52593482
		},
		"attributes": {
			"FID": 31,
			"Id": 0
		}
	},
	{
		"geometry": {
			"y": 30.46988039,
			"x": 114.525935
		},
		"attributes": {
			"FID": 32,
			"Id": 0
		}
	},
	{
		"geometry": {
			"y": 30.46988193,
			"x": 114.52593547
		},
		"attributes": {
			"FID": 33,
			"Id": 0
		}
	},
	{
		"geometry": {
			"y": 30.46989817,
			"x": 114.52593562
		},
		"attributes": {
			"FID": 34,
			"Id": 0
		}
	},
	{
		"geometry": {
			"y": 30.46989788,
			"x": 114.52593626
		},
		"attributes": {
			"FID": 35,
			"Id": 0
		}
	},
	{
		"geometry": {
			"y": 30.46993974,
			"x": 114.52594963
		},
		"attributes": {
			"FID": 36,
			"Id": 0
		}
	},
	{
		"geometry": {
			"y": 30.46999316,
			"x": 114.52595027
		},
		"attributes": {
			"FID": 37,
			"Id": 0
		}
	},
	{
		"geometry": {
			"y": 30.46989826,
			"x": 114.5259538
		},
		"attributes": {
			"FID": 38,
			"Id": 0
		}
	},
	{
		"geometry": {
			"y": 30.46988125,
			"x": 114.5259539
		},
		"attributes": {
			"FID": 39,
			"Id": 0
		}
	},
	{
		"geometry": {
			"y": 30.46991468,
			"x": 114.52595394
		},
		"attributes": {
			"FID": 40,
			"Id": 0
		}
	},
	{
		"geometry": {
			"y": 30.46988065,
			"x": 114.52595525
		},
		"attributes": {
			"FID": 41,
			"Id": 0
		}
	},
	{
		"geometry": {
			"y": 30.46989674,
			"x": 114.52595563
		},
		"attributes": {
			"FID": 42,
			"Id": 0
		}
	},
	{
		"geometry": {
			"y": 30.46997159,
			"x": 114.52595755
		},
		"attributes": {
			"FID": 43,
			"Id": 0
		}
	},
	{
		"geometry": {
			"y": 30.46993937,
			"x": 114.52596957
		},
		"attributes": {
			"FID": 44,
			"Id": 0
		}
	},
	{
		"geometry": {
			"y": 30.4698487,
			"x": 114.525985
		},
		"attributes": {
			"FID": 45,
			"Id": 0
		}
	},
	{
		"geometry": {
			"y": 30.46986722,
			"x": 114.52598561
		},
		"attributes": {
			"FID": 46,
			"Id": 0
		}
	},
	{
		"geometry": {
			"y": 30.46988901,
			"x": 114.52598649
		},
		"attributes": {
			"FID": 47,
			"Id": 0
		}
	},
	{
		"geometry": {
			"y": 30.46990971,
			"x": 114.52598694
		},
		"attributes": {
			"FID": 48,
			"Id": 0
		}
	},
	{
		"geometry": {
			"y": 30.46994002,
			"x": 114.52599052
		},
		"attributes": {
			"FID": 49,
			"Id": 0
		}
	},
	{
		"geometry": {
			"y": 30.46991047,
			"x": 114.52600803
		},
		"attributes": {
			"FID": 50,
			"Id": 0
		}
	},
	{
		"geometry": {
			"y": 30.46984866,
			"x": 114.52600943
		},
		"attributes": {
			"FID": 51,
			"Id": 0
		}
	},
	{
		"geometry": {
			"y": 30.46988879,
			"x": 114.52600973
		},
		"attributes": {
			"FID": 52,
			"Id": 0
		}
	},
	{
		"geometry": {
			"y": 30.46993959,
			"x": 114.52600989
		},
		"attributes": {
			"FID": 53,
			"Id": 0
		}
	},
	{
		"geometry": {
			"y": 30.46986719,
			"x": 114.52601001
		},
		"attributes": {
			"FID": 54,
			"Id": 0
		}
	},
	{
		"geometry": {
			"y": 30.46999203,
			"x": 114.52602767
		},
		"attributes": {
			"FID": 55,
			"Id": 0
		}
	},
	{
		"geometry": {
			"y": 30.46993958,
			"x": 114.52602928
		},
		"attributes": {
			"FID": 56,
			"Id": 0
		}
	},
	{
		"geometry": {
			"y": 30.46996616,
			"x": 114.52603001
		},
		"attributes": {
			"FID": 57,
			"Id": 0
		}
	},
	{
		"geometry": {
			"y": 30.46984795,
			"x": 114.52603332
		},
		"attributes": {
			"FID": 58,
			"Id": 0
		}
	},
	{
		"geometry": {
			"y": 30.46986719,
			"x": 114.52603437
		},
		"attributes": {
			"FID": 59,
			"Id": 0
		}
	},
	{
		"geometry": {
			"y": 30.46991045,
			"x": 114.52603438
		},
		"attributes": {
			"FID": 60,
			"Id": 0
		}
	},
	{
		"geometry": {
			"y": 30.46988982,
			"x": 114.52603447
		},
		"attributes": {
			"FID": 61,
			"Id": 0
		}
	},
	{
		"geometry": {
			"y": 30.46994031,
			"x": 114.52604918
		},
		"attributes": {
			"FID": 62,
			"Id": 0
		}
	},
	{
		"geometry": {
			"y": 30.46997864,
			"x": 114.52605255
		},
		"attributes": {
			"FID": 63,
			"Id": 0
		}
	},
	{
		"geometry": {
			"y": 30.46997431,
			"x": 114.52606427
		},
		"attributes": {
			"FID": 64,
			"Id": 0
		}
	},
	{
		"geometry": {
			"y": 30.46998748,
			"x": 114.52606444
		},
		"attributes": {
			"FID": 65,
			"Id": 0
		}
	},
	{
		"geometry": {
			"y": 30.46994066,
			"x": 114.52606462
		},
		"attributes": {
			"FID": 66,
			"Id": 0
		}
	},
	{
		"geometry": {
			"y": 30.46990991,
			"x": 114.52606501
		},
		"attributes": {
			"FID": 67,
			"Id": 0
		}
	},
	{
		"geometry": {
			"y": 30.46992502,
			"x": 114.52606558
		},
		"attributes": {
			"FID": 68,
			"Id": 0
		}
	},
	{
		"geometry": {
			"y": 30.46986155,
			"x": 114.52606649
		},
		"attributes": {
			"FID": 69,
			"Id": 0
		}
	},
	{
		"geometry": {
			"y": 30.46996496,
			"x": 114.52606655
		},
		"attributes": {
			"FID": 70,
			"Id": 0
		}
	},
	{
		"geometry": {
			"y": 30.4698785,
			"x": 114.52606669
		},
		"attributes": {
			"FID": 71,
			"Id": 0
		}
	},
	{
		"geometry": {
			"y": 30.46984459,
			"x": 114.52606705
		},
		"attributes": {
			"FID": 72,
			"Id": 0
		}
	},
	{
		"geometry": {
			"y": 30.4699736,
			"x": 114.52607748
		},
		"attributes": {
			"FID": 73,
			"Id": 0
		}
	},
	{
		"geometry": {
			"y": 30.46999494,
			"x": 114.52608061
		},
		"attributes": {
			"FID": 74,
			"Id": 0
		}
	},
	{
		"geometry": {
			"y": 30.46984422,
			"x": 114.52608573
		},
		"attributes": {
			"FID": 75,
			"Id": 0
		}
	},
	{
		"geometry": {
			"y": 30.46990346,
			"x": 114.5260864
		},
		"attributes": {
			"FID": 76,
			"Id": 0
		}
	},
	{
		"geometry": {
			"y": 30.46987694,
			"x": 114.52608659
		},
		"attributes": {
			"FID": 77,
			"Id": 0
		}
	},
	{
		"geometry": {
			"y": 30.46986036,
			"x": 114.52608721
		},
		"attributes": {
			"FID": 78,
			"Id": 0
		}
	},
	{
		"geometry": {
			"y": 30.46998721,
			"x": 114.52608833
		},
		"attributes": {
			"FID": 79,
			"Id": 0
		}
	},
	{
		"geometry": {
			"y": 30.4698596,
			"x": 114.52610388
		},
		"attributes": {
			"FID": 80,
			"Id": 0
		}
	},
	{
		"geometry": {
			"y": 30.46987537,
			"x": 114.52610532
		},
		"attributes": {
			"FID": 81,
			"Id": 0
		}
	},
	{
		"geometry": {
			"y": 30.46984319,
			"x": 114.52610546
		},
		"attributes": {
			"FID": 82,
			"Id": 0
		}
	},
	{
		"geometry": {
			"y": 30.46990384,
			"x": 114.52610725
		},
		"attributes": {
			"FID": 83,
			"Id": 0
		}
	},
	{
		"geometry": {
			"y": 30.46990485,
			"x": 114.5261257
		},
		"attributes": {
			"FID": 84,
			"Id": 0
		}
	},
	{
		"geometry": {
			"y": 30.46995458,
			"x": 114.52612797
		},
		"attributes": {
			"FID": 85,
			"Id": 0
		}
	},
	{
		"geometry": {
			"y": 30.46992148,
			"x": 114.52612825
		},
		"attributes": {
			"FID": 86,
			"Id": 0
		}
	},
	{
		"geometry": {
			"y": 30.46993808,
			"x": 114.52612883
		},
		"attributes": {
			"FID": 87,
			"Id": 0
		}
	},
	{
		"geometry": {
			"y": 30.46997171,
			"x": 114.52612891
		},
		"attributes": {
			"FID": 88,
			"Id": 0
		}
	},
	{
		"geometry": {
			"y": 30.4699385,
			"x": 114.52614663
		},
		"attributes": {
			"FID": 89,
			"Id": 0
		}
	},
	{
		"geometry": {
			"y": 30.46995436,
			"x": 114.52614665
		},
		"attributes": {
			"FID": 90,
			"Id": 0
		}
	},
	{
		"geometry": {
			"y": 30.4699209,
			"x": 114.52614724
		},
		"attributes": {
			"FID": 91,
			"Id": 0
		}
	},
	{
		"geometry": {
			"y": 30.46990452,
			"x": 114.52614735
		},
		"attributes": {
			"FID": 92,
			"Id": 0
		}
	},
	{
		"geometry": {
			"y": 30.46997149,
			"x": 114.52614737
		},
		"attributes": {
			"FID": 93,
			"Id": 0
		}
	},
	{
		"geometry": {
			"y": 30.46984163,
			"x": 114.52615448
		},
		"attributes": {
			"FID": 94,
			"Id": 0
		}
	},
	{
		"geometry": {
			"y": 30.46985907,
			"x": 114.52615488
		},
		"attributes": {
			"FID": 95,
			"Id": 0
		}
	},
	{
		"geometry": {
			"y": 30.46987892,
			"x": 114.52615492
		},
		"attributes": {
			"FID": 96,
			"Id": 0
		}
	},
	{
		"geometry": {
			"y": 30.46997079,
			"x": 114.52617089
		},
		"attributes": {
			"FID": 97,
			"Id": 0
		}
	},
	{
		"geometry": {
			"y": 30.46995462,
			"x": 114.52617103
		},
		"attributes": {
			"FID": 98,
			"Id": 0
		}
	},
	{
		"geometry": {
			"y": 30.46990398,
			"x": 114.5261711
		},
		"attributes": {
			"FID": 99,
			"Id": 0
		}
	},
	{
		"geometry": {
			"y": 30.46992009,
			"x": 114.52617216
		},
		"attributes": {
			"FID": 100,
			"Id": 0
		}
	},
	{
		"geometry": {
			"y": 30.46993808,
			"x": 114.52617225
		},
		"attributes": {
			"FID": 101,
			"Id": 0
		}
	},
	{
		"geometry": {
			"y": 30.46987735,
			"x": 114.52617632
		},
		"attributes": {
			"FID": 102,
			"Id": 0
		}
	},
	{
		"geometry": {
			"y": 30.46984063,
			"x": 114.52617728
		},
		"attributes": {
			"FID": 103,
			"Id": 0
		}
	},
	{
		"geometry": {
			"y": 30.46997048,
			"x": 114.52619214
		},
		"attributes": {
			"FID": 104,
			"Id": 0
		}
	},
	{
		"geometry": {
			"y": 30.46995408,
			"x": 114.52619304
		},
		"attributes": {
			"FID": 105,
			"Id": 0
		}
	},
	{
		"geometry": {
			"y": 30.46993673,
			"x": 114.52619317
		},
		"attributes": {
			"FID": 106,
			"Id": 0
		}
	},
	{
		"geometry": {
			"y": 30.46991876,
			"x": 114.52619488
		},
		"attributes": {
			"FID": 107,
			"Id": 0
		}
	},
	{
		"geometry": {
			"y": 30.46990278,
			"x": 114.52619514
		},
		"attributes": {
			"FID": 108,
			"Id": 0
		}
	},
	{
		"geometry": {
			"y": 30.4698571,
			"x": 114.5261984
		},
		"attributes": {
			"FID": 109,
			"Id": 0
		}
	},
	{
		"geometry": {
			"y": 30.46984022,
			"x": 114.526199
		},
		"attributes": {
			"FID": 110,
			"Id": 0
		}
	},
	{
		"geometry": {
			"y": 30.46987728,
			"x": 114.52619921
		},
		"attributes": {
			"FID": 111,
			"Id": 0
		}
	},
	{
		"geometry": {
			"y": 30.46982171,
			"x": 114.52621681
		},
		"attributes": {
			"FID": 112,
			"Id": 0
		}
	},
	{
		"geometry": {
			"y": 30.46988613,
			"x": 114.52621693
		},
		"attributes": {
			"FID": 113,
			"Id": 0
		}
	},
	{
		"geometry": {
			"y": 30.46992895,
			"x": 114.52621858
		},
		"attributes": {
			"FID": 114,
			"Id": 0
		}
	},
	{
		"geometry": {
			"y": 30.46985215,
			"x": 114.52621891
		},
		"attributes": {
			"FID": 115,
			"Id": 0
		}
	},
	{
		"geometry": {
			"y": 30.46997235,
			"x": 114.52621925
		},
		"attributes": {
			"FID": 116,
			"Id": 0
		}
	},
	{
		"geometry": {
			"y": 30.46995287,
			"x": 114.52621957
		},
		"attributes": {
			"FID": 117,
			"Id": 0
		}
	},
	{
		"geometry": {
			"y": 30.46990255,
			"x": 114.52622013
		},
		"attributes": {
			"FID": 118,
			"Id": 0
		}
	},
	{
		"geometry": {
			"y": 30.4698515,
			"x": 114.5262364
		},
		"attributes": {
			"FID": 119,
			"Id": 0
		}
	},
	{
		"geometry": {
			"y": 30.46982329,
			"x": 114.52623678
		},
		"attributes": {
			"FID": 120,
			"Id": 0
		}
	},
	{
		"geometry": {
			"y": 30.46988622,
			"x": 114.52623817
		},
		"attributes": {
			"FID": 121,
			"Id": 0
		}
	},
	{
		"geometry": {
			"y": 30.46995093,
			"x": 114.5262395
		},
		"attributes": {
			"FID": 122,
			"Id": 0
		}
	},
	{
		"geometry": {
			"y": 30.46997257,
			"x": 114.52624123
		},
		"attributes": {
			"FID": 123,
			"Id": 0
		}
	},
	{
		"geometry": {
			"y": 30.46992965,
			"x": 114.52624136
		},
		"attributes": {
			"FID": 124,
			"Id": 0
		}
	},
	{
		"geometry": {
			"y": 30.46990619,
			"x": 114.52624254
		},
		"attributes": {
			"FID": 125,
			"Id": 0
		}
	},
	{
		"geometry": {
			"y": 30.46988688,
			"x": 114.52625863
		},
		"attributes": {
			"FID": 126,
			"Id": 0
		}
	},
	{
		"geometry": {
			"y": 30.46992854,
			"x": 114.52625932
		},
		"attributes": {
			"FID": 127,
			"Id": 0
		}
	},
	{
		"geometry": {
			"y": 30.46982228,
			"x": 114.52626046
		},
		"attributes": {
			"FID": 128,
			"Id": 0
		}
	},
	{
		"geometry": {
			"y": 30.46997293,
			"x": 114.52626104
		},
		"attributes": {
			"FID": 129,
			"Id": 0
		}
	},
	{
		"geometry": {
			"y": 30.46985201,
			"x": 114.52626125
		},
		"attributes": {
			"FID": 130,
			"Id": 0
		}
	},
	{
		"geometry": {
			"y": 30.46995193,
			"x": 114.52626216
		},
		"attributes": {
			"FID": 131,
			"Id": 0
		}
	},
	{
		"geometry": {
			"y": 30.46990646,
			"x": 114.52626312
		},
		"attributes": {
			"FID": 132,
			"Id": 0
		}
	},
	{
		"geometry": {
			"y": 30.46993295,
			"x": 114.52627863
		},
		"attributes": {
			"FID": 133,
			"Id": 0
		}
	},
	{
		"geometry": {
			"y": 30.46990626,
			"x": 114.52628032
		},
		"attributes": {
			"FID": 134,
			"Id": 0
		}
	},
	{
		"geometry": {
			"y": 30.46982196,
			"x": 114.52628051
		},
		"attributes": {
			"FID": 135,
			"Id": 0
		}
	},
	{
		"geometry": {
			"y": 30.46985163,
			"x": 114.52628065
		},
		"attributes": {
			"FID": 136,
			"Id": 0
		}
	},
	{
		"geometry": {
			"y": 30.46995226,
			"x": 114.52628123
		},
		"attributes": {
			"FID": 137,
			"Id": 0
		}
	},
	{
		"geometry": {
			"y": 30.46988738,
			"x": 114.52628164
		},
		"attributes": {
			"FID": 138,
			"Id": 0
		}
	},
	{
		"geometry": {
			"y": 30.46997156,
			"x": 114.52628191
		},
		"attributes": {
			"FID": 139,
			"Id": 0
		}
	},
	{
		"geometry": {
			"y": 30.46993084,
			"x": 114.52629785
		},
		"attributes": {
			"FID": 140,
			"Id": 0
		}
	},
	{
		"geometry": {
			"y": 30.46990655,
			"x": 114.52629795
		},
		"attributes": {
			"FID": 141,
			"Id": 0
		}
	},
	{
		"geometry": {
			"y": 30.46994995,
			"x": 114.52629907
		},
		"attributes": {
			"FID": 142,
			"Id": 0
		}
	},
	{
		"geometry": {
			"y": 30.4699705,
			"x": 114.52630005
		},
		"attributes": {
			"FID": 143,
			"Id": 0
		}
	},
	{
		"geometry": {
			"y": 30.46982489,
			"x": 114.52630206
		},
		"attributes": {
			"FID": 144,
			"Id": 0
		}
	},
	{
		"geometry": {
			"y": 30.46988771,
			"x": 114.52630358
		},
		"attributes": {
			"FID": 145,
			"Id": 0
		}
	},
	{
		"geometry": {
			"y": 30.46985136,
			"x": 114.52630374
		},
		"attributes": {
			"FID": 146,
			"Id": 0
		}
	},
	{
		"geometry": {
			"y": 30.46990745,
			"x": 114.52631573
		},
		"attributes": {
			"FID": 147,
			"Id": 0
		}
	},
	{
		"geometry": {
			"y": 30.46992984,
			"x": 114.52631708
		},
		"attributes": {
			"FID": 148,
			"Id": 0
		}
	},
	{
		"geometry": {
			"y": 30.46997251,
			"x": 114.52631879
		},
		"attributes": {
			"FID": 149,
			"Id": 0
		}
	},
	{
		"geometry": {
			"y": 30.46995049,
			"x": 114.52631885
		},
		"attributes": {
			"FID": 150,
			"Id": 0
		}
	},
	{
		"geometry": {
			"y": 30.4698877,
			"x": 114.52632223
		},
		"attributes": {
			"FID": 151,
			"Id": 0
		}
	},
	{
		"geometry": {
			"y": 30.46985295,
			"x": 114.52632383
		},
		"attributes": {
			"FID": 152,
			"Id": 0
		}
	},
	{
		"geometry": {
			"y": 30.46982589,
			"x": 114.52632453
		},
		"attributes": {
			"FID": 153,
			"Id": 0
		}
	},
	{
		"geometry": {
			"y": 30.46990646,
			"x": 114.52633618
		},
		"attributes": {
			"FID": 154,
			"Id": 0
		}
	},
	{
		"geometry": {
			"y": 30.46997168,
			"x": 114.52633866
		},
		"attributes": {
			"FID": 155,
			"Id": 0
		}
	},
	{
		"geometry": {
			"y": 30.46994996,
			"x": 114.52633878
		},
		"attributes": {
			"FID": 156,
			"Id": 0
		}
	},
	{
		"geometry": {
			"y": 30.46992778,
			"x": 114.52633887
		},
		"attributes": {
			"FID": 157,
			"Id": 0
		}
	},
	{
		"geometry": {
			"y": 30.46983931,
			"x": 114.52634026
		},
		"attributes": {
			"FID": 158,
			"Id": 0
		}
	},
	{
		"geometry": {
			"y": 30.4698606,
			"x": 114.52634134
		},
		"attributes": {
			"FID": 159,
			"Id": 0
		}
	},
	{
		"geometry": {
			"y": 30.46988167,
			"x": 114.52634232
		},
		"attributes": {
			"FID": 160,
			"Id": 0
		}
	},
	{
		"geometry": {
			"y": 30.46990407,
			"x": 114.52636025
		},
		"attributes": {
			"FID": 161,
			"Id": 0
		}
	},
	{
		"geometry": {
			"y": 30.46992492,
			"x": 114.52636083
		},
		"attributes": {
			"FID": 162,
			"Id": 0
		}
	},
	{
		"geometry": {
			"y": 30.46997243,
			"x": 114.52636397
		},
		"attributes": {
			"FID": 163,
			"Id": 0
		}
	},
	{
		"geometry": {
			"y": 30.46994957,
			"x": 114.52636453
		},
		"attributes": {
			"FID": 164,
			"Id": 0
		}
	},
	{
		"geometry": {
			"y": 30.46986164,
			"x": 114.52636487
		},
		"attributes": {
			"FID": 165,
			"Id": 0
		}
	},
	{
		"geometry": {
			"y": 30.46984037,
			"x": 114.52636494
		},
		"attributes": {
			"FID": 166,
			"Id": 0
		}
	},
	{
		"geometry": {
			"y": 30.4698831,
			"x": 114.52636584
		},
		"attributes": {
			"FID": 167,
			"Id": 0
		}
	},
	{
		"geometry": {
			"y": 30.46990569,
			"x": 114.52637989
		},
		"attributes": {
			"FID": 168,
			"Id": 0
		}
	},
	{
		"geometry": {
			"y": 30.46992598,
			"x": 114.52638308
		},
		"attributes": {
			"FID": 169,
			"Id": 0
		}
	},
	{
		"geometry": {
			"y": 30.46988239,
			"x": 114.5263887
		},
		"attributes": {
			"FID": 170,
			"Id": 0
		}
	},
	{
		"geometry": {
			"y": 30.46986131,
			"x": 114.52639038
		},
		"attributes": {
			"FID": 171,
			"Id": 0
		}
	},
	{
		"geometry": {
			"y": 30.46984135,
			"x": 114.52639056
		},
		"attributes": {
			"FID": 172,
			"Id": 0
		}
	},
	{
		"geometry": {
			"y": 30.46995008,
			"x": 114.5263911
		},
		"attributes": {
			"FID": 173,
			"Id": 0
		}
	},
	{
		"geometry": {
			"y": 30.4699739,
			"x": 114.52639261
		},
		"attributes": {
			"FID": 174,
			"Id": 0
		}
	},
	{
		"geometry": {
			"y": 30.46990488,
			"x": 114.52639735
		},
		"attributes": {
			"FID": 175,
			"Id": 0
		}
	},
	{
		"geometry": {
			"y": 30.46992694,
			"x": 114.52641305
		},
		"attributes": {
			"FID": 176,
			"Id": 0
		}
	},
	{
		"geometry": {
			"y": 30.46994883,
			"x": 114.5264142
		},
		"attributes": {
			"FID": 177,
			"Id": 0
		}
	},
	{
		"geometry": {
			"y": 30.46990443,
			"x": 114.52641464
		},
		"attributes": {
			"FID": 178,
			"Id": 0
		}
	},
	{
		"geometry": {
			"y": 30.4699045,
			"x": 114.52641528
		},
		"attributes": {
			"FID": 179,
			"Id": 0
		}
	},
	{
		"geometry": {
			"y": 30.46997185,
			"x": 114.52641561
		},
		"attributes": {
			"FID": 180,
			"Id": 0
		}
	},
	{
		"geometry": {
			"y": 30.46988256,
			"x": 114.52641731
		},
		"attributes": {
			"FID": 181,
			"Id": 0
		}
	},
	{
		"geometry": {
			"y": 30.46984105,
			"x": 114.5264175
		},
		"attributes": {
			"FID": 182,
			"Id": 0
		}
	},
	{
		"geometry": {
			"y": 30.46986236,
			"x": 114.52641757
		},
		"attributes": {
			"FID": 183,
			"Id": 0
		}
	},
	{
		"geometry": {
			"y": 30.46990486,
			"x": 114.52643645
		},
		"attributes": {
			"FID": 184,
			"Id": 0
		}
	},
	{
		"geometry": {
			"y": 30.46986244,
			"x": 114.52643956
		},
		"attributes": {
			"FID": 185,
			"Id": 0
		}
	},
	{
		"geometry": {
			"y": 30.4698823,
			"x": 114.52644184
		},
		"attributes": {
			"FID": 186,
			"Id": 0
		}
	},
	{
		"geometry": {
			"y": 30.46984189,
			"x": 114.52644214
		},
		"attributes": {
			"FID": 187,
			"Id": 0
		}
	},
	{
		"geometry": {
			"y": 30.46998523,
			"x": 114.52644894
		},
		"attributes": {
			"FID": 188,
			"Id": 0
		}
	},
	{
		"geometry": {
			"y": 30.46993988,
			"x": 114.5264565
		},
		"attributes": {
			"FID": 189,
			"Id": 0
		}
	},
	{
		"geometry": {
			"y": 30.47001048,
			"x": 114.52645731
		},
		"attributes": {
			"FID": 190,
			"Id": 0
		}
	},
	{
		"geometry": {
			"y": 30.46996011,
			"x": 114.52645761
		},
		"attributes": {
			"FID": 191,
			"Id": 0
		}
	},
	{
		"geometry": {
			"y": 30.4699248,
			"x": 114.52645845
		},
		"attributes": {
			"FID": 192,
			"Id": 0
		}
	},
	{
		"geometry": {
			"y": 30.46990694,
			"x": 114.52645936
		},
		"attributes": {
			"FID": 193,
			"Id": 0
		}
	},
	{
		"geometry": {
			"y": 30.46984326,
			"x": 114.52646706
		},
		"attributes": {
			"FID": 194,
			"Id": 0
		}
	},
	{
		"geometry": {
			"y": 30.4698654,
			"x": 114.52646753
		},
		"attributes": {
			"FID": 195,
			"Id": 0
		}
	},
	{
		"geometry": {
			"y": 30.46988229,
			"x": 114.52646772
		},
		"attributes": {
			"FID": 196,
			"Id": 0
		}
	},
	{
		"geometry": {
			"y": 30.46998499,
			"x": 114.52647136
		},
		"attributes": {
			"FID": 197,
			"Id": 0
		}
	},
	{
		"geometry": {
			"y": 30.46994199,
			"x": 114.52648072
		},
		"attributes": {
			"FID": 198,
			"Id": 0
		}
	},
	{
		"geometry": {
			"y": 30.46984098,
			"x": 114.52648914
		},
		"attributes": {
			"FID": 199,
			"Id": 0
		}
	},
	{
		"geometry": {
			"y": 30.4698641,
			"x": 114.52648936
		},
		"attributes": {
			"FID": 200,
			"Id": 0
		}
	},
	{
		"geometry": {
			"y": 30.46988664,
			"x": 114.52649052
		},
		"attributes": {
			"FID": 201,
			"Id": 0
		}
	},
	{
		"geometry": {
			"y": 30.46990293,
			"x": 114.52649104
		},
		"attributes": {
			"FID": 202,
			"Id": 0
		}
	},
	{
		"geometry": {
			"y": 30.46998547,
			"x": 114.52649356
		},
		"attributes": {
			"FID": 203,
			"Id": 0
		}
	},
	{
		"geometry": {
			"y": 30.4699606,
			"x": 114.52649463
		},
		"attributes": {
			"FID": 204,
			"Id": 0
		}
	},
	{
		"geometry": {
			"y": 30.47000843,
			"x": 114.5264961
		},
		"attributes": {
			"FID": 205,
			"Id": 0
		}
	},
	{
		"geometry": {
			"y": 30.46994169,
			"x": 114.52649999
		},
		"attributes": {
			"FID": 206,
			"Id": 0
		}
	},
	{
		"geometry": {
			"y": 30.46991941,
			"x": 114.52651365
		},
		"attributes": {
			"FID": 207,
			"Id": 0
		}
	},
	{
		"geometry": {
			"y": 30.46988681,
			"x": 114.52651397
		},
		"attributes": {
			"FID": 208,
			"Id": 0
		}
	},
	{
		"geometry": {
			"y": 30.46984002,
			"x": 114.52651427
		},
		"attributes": {
			"FID": 209,
			"Id": 0
		}
	},
	{
		"geometry": {
			"y": 30.469863,
			"x": 114.52651445
		},
		"attributes": {
			"FID": 210,
			"Id": 0
		}
	},
	{
		"geometry": {
			"y": 30.46996213,
			"x": 114.52651699
		},
		"attributes": {
			"FID": 211,
			"Id": 0
		}
	},
	{
		"geometry": {
			"y": 30.47000827,
			"x": 114.5265182
		},
		"attributes": {
			"FID": 212,
			"Id": 0
		}
	},
	{
		"geometry": {
			"y": 30.469985,
			"x": 114.5265183
		},
		"attributes": {
			"FID": 213,
			"Id": 0
		}
	},
	{
		"geometry": {
			"y": 30.46994261,
			"x": 114.52652238
		},
		"attributes": {
			"FID": 214,
			"Id": 0
		}
	},
	{
		"geometry": {
			"y": 30.46991769,
			"x": 114.52653999
		},
		"attributes": {
			"FID": 215,
			"Id": 0
		}
	},
	{
		"geometry": {
			"y": 30.46998571,
			"x": 114.52654016
		},
		"attributes": {
			"FID": 216,
			"Id": 0
		}
	},
	{
		"geometry": {
			"y": 30.46996489,
			"x": 114.52654045
		},
		"attributes": {
			"FID": 217,
			"Id": 0
		}
	},
	{
		"geometry": {
			"y": 30.47000716,
			"x": 114.52654053
		},
		"attributes": {
			"FID": 218,
			"Id": 0
		}
	},
	{
		"geometry": {
			"y": 30.46984088,
			"x": 114.5265407
		},
		"attributes": {
			"FID": 219,
			"Id": 0
		}
	},
	{
		"geometry": {
			"y": 30.46986339,
			"x": 114.52654136
		},
		"attributes": {
			"FID": 220,
			"Id": 0
		}
	},
	{
		"geometry": {
			"y": 30.46988698,
			"x": 114.52654208
		},
		"attributes": {
			"FID": 221,
			"Id": 0
		}
	},
	{
		"geometry": {
			"y": 30.46994107,
			"x": 114.5265423
		},
		"attributes": {
			"FID": 222,
			"Id": 0
		}
	},
	{
		"geometry": {
			"y": 30.46992107,
			"x": 114.52656367
		},
		"attributes": {
			"FID": 223,
			"Id": 0
		}
	},
	{
		"geometry": {
			"y": 30.4698741,
			"x": 114.52656444
		},
		"attributes": {
			"FID": 224,
			"Id": 0
		}
	},
	{
		"geometry": {
			"y": 30.46994197,
			"x": 114.52656454
		},
		"attributes": {
			"FID": 225,
			"Id": 0
		}
	},
	{
		"geometry": {
			"y": 30.46989926,
			"x": 114.52656547
		},
		"attributes": {
			"FID": 226,
			"Id": 0
		}
	},
	{
		"geometry": {
			"y": 30.46996753,
			"x": 114.52656681
		},
		"attributes": {
			"FID": 227,
			"Id": 0
		}
	},
	{
		"geometry": {
			"y": 30.47000831,
			"x": 114.52656733
		},
		"attributes": {
			"FID": 228,
			"Id": 0
		}
	},
	{
		"geometry": {
			"y": 30.4699854,
			"x": 114.52656762
		},
		"attributes": {
			"FID": 229,
			"Id": 0
		}
	},
	{
		"geometry": {
			"y": 30.46990072,
			"x": 114.52658632
		},
		"attributes": {
			"FID": 230,
			"Id": 0
		}
	},
	{
		"geometry": {
			"y": 30.46987358,
			"x": 114.52658642
		},
		"attributes": {
			"FID": 231,
			"Id": 0
		}
	},
	{
		"geometry": {
			"y": 30.46992171,
			"x": 114.52658878
		},
		"attributes": {
			"FID": 232,
			"Id": 0
		}
	},
	{
		"geometry": {
			"y": 30.46994024,
			"x": 114.52659231
		},
		"attributes": {
			"FID": 233,
			"Id": 0
		}
	},
	{
		"geometry": {
			"y": 30.46996915,
			"x": 114.52659257
		},
		"attributes": {
			"FID": 234,
			"Id": 0
		}
	},
	{
		"geometry": {
			"y": 30.47000831,
			"x": 114.52659378
		},
		"attributes": {
			"FID": 235,
			"Id": 0
		}
	},
	{
		"geometry": {
			"y": 30.46998668,
			"x": 114.5265943
		},
		"attributes": {
			"FID": 236,
			"Id": 0
		}
	},
	{
		"geometry": {
			"y": 30.46992008,
			"x": 114.52660961
		},
		"attributes": {
			"FID": 237,
			"Id": 0
		}
	},
	{
		"geometry": {
			"y": 30.46987368,
			"x": 114.52661057
		},
		"attributes": {
			"FID": 238,
			"Id": 0
		}
	},
	{
		"geometry": {
			"y": 30.46989955,
			"x": 114.52661068
		},
		"attributes": {
			"FID": 239,
			"Id": 0
		}
	},
	{
		"geometry": {
			"y": 30.46994013,
			"x": 114.5266176
		},
		"attributes": {
			"FID": 240,
			"Id": 0
		}
	},
	{
		"geometry": {
			"y": 30.46998646,
			"x": 114.52661958
		},
		"attributes": {
			"FID": 241,
			"Id": 0
		}
	},
	{
		"geometry": {
			"y": 30.46996615,
			"x": 114.52662192
		},
		"attributes": {
			"FID": 242,
			"Id": 0
		}
	},
	{
		"geometry": {
			"y": 30.47000939,
			"x": 114.52662342
		},
		"attributes": {
			"FID": 243,
			"Id": 0
		}
	},
	{
		"geometry": {
			"y": 30.46994011,
			"x": 114.52663828
		},
		"attributes": {
			"FID": 244,
			"Id": 0
		}
	},
	{
		"geometry": {
			"y": 30.46998694,
			"x": 114.5266525
		},
		"attributes": {
			"FID": 245,
			"Id": 0
		}
	},
	{
		"geometry": {
			"y": 30.47000935,
			"x": 114.52665303
		},
		"attributes": {
			"FID": 246,
			"Id": 0
		}
	},
	{
		"geometry": {
			"y": 30.4699633,
			"x": 114.52665378
		},
		"attributes": {
			"FID": 247,
			"Id": 0
		}
	},
	{
		"geometry": {
			"y": 30.46991942,
			"x": 114.52665623
		},
		"attributes": {
			"FID": 248,
			"Id": 0
		}
	},
	{
		"geometry": {
			"y": 30.46990446,
			"x": 114.52665915
		},
		"attributes": {
			"FID": 249,
			"Id": 0
		}
	},
	{
		"geometry": {
			"y": 30.46993969,
			"x": 114.52666036
		},
		"attributes": {
			"FID": 250,
			"Id": 0
		}
	},
	{
		"geometry": {
			"y": 30.46988229,
			"x": 114.52666075
		},
		"attributes": {
			"FID": 251,
			"Id": 0
		}
	},
	{
		"geometry": {
			"y": 30.46994003,
			"x": 114.52668085
		},
		"attributes": {
			"FID": 252,
			"Id": 0
		}
	},
	{
		"geometry": {
			"y": 30.4699875,
			"x": 114.52668156
		},
		"attributes": {
			"FID": 253,
			"Id": 0
		}
	},
	{
		"geometry": {
			"y": 30.4699641,
			"x": 114.52668192
		},
		"attributes": {
			"FID": 254,
			"Id": 0
		}
	},
	{
		"geometry": {
			"y": 30.46991752,
			"x": 114.52668226
		},
		"attributes": {
			"FID": 255,
			"Id": 0
		}
	},
	{
		"geometry": {
			"y": 30.47001136,
			"x": 114.52668321
		},
		"attributes": {
			"FID": 256,
			"Id": 0
		}
	},
	{
		"geometry": {
			"y": 30.46990504,
			"x": 114.52668718
		},
		"attributes": {
			"FID": 257,
			"Id": 0
		}
	},
	{
		"geometry": {
			"y": 30.46988453,
			"x": 114.52668724
		},
		"attributes": {
			"FID": 258,
			"Id": 0
		}
	},
	{
		"geometry": {
			"y": 30.46994024,
			"x": 114.52670497
		},
		"attributes": {
			"FID": 259,
			"Id": 0
		}
	}],
	"displayFieldName": ""
}