{
	"features": [{
		"geometry": {
			"x": 114.5259804,
			"y": 30.4699067
		},
		"attributes": {
			"FID": 1,
			"Id": 0
		}
	},
	{
		"geometry": {
			"x": 114.52598396,
			"y": 30.46988025
		},
		"attributes": {
			"FID": 2,
			"Id": 0
		}
	},
	{
		"geometry": {
			"x": 114.5259906,
			"y": 30.46984797
		},
		"attributes": {
			"FID": 3,
			"Id": 0
		}
	},
	{
		"geometry": {
			"x": 114.52599973,
			"y": 30.46990695
		},
		"attributes": {
			"FID": 4,
			"Id": 0
		}
	},
	{
		"geometry": {
			"x": 114.52600901,
			"y": 30.46993724
		},
		"attributes": {
			"FID": 5,
			"Id": 0
		}
	},
	{
		"geometry": {
			"x": 114.52600943,
			"y": 30.46997818
		},
		"attributes": {
			"FID": 6,
			"Id": 0
		}
	},
	{
		"geometry": {
			"x": 114.52601412,
			"y": 30.46995623
		},
		"attributes": {
			"FID": 7,
			"Id": 0
		}
	},
	{
		"geometry": {
			"x": 114.5260186,
			"y": 30.46990791
		},
		"attributes": {
			"FID": 8,
			"Id": 0
		}
	},
	{
		"geometry": {
			"x": 114.52601891,
			"y": 30.46994536
		},
		"attributes": {
			"FID": 9,
			"Id": 0
		}
	},
	{
		"geometry": {
			"x": 114.52602926,
			"y": 30.46987903
		},
		"attributes": {
			"FID": 10,
			"Id": 0
		}
	},
	{
		"geometry": {
			"x": 114.52603038,
			"y": 30.46984323
		},
		"attributes": {
			"FID": 11,
			"Id": 0
		}
	},
	{
		"geometry": {
			"x": 114.52605387,
			"y": 30.46990713
		},
		"attributes": {
			"FID": 12,
			"Id": 0
		}
	},
	{
		"geometry": {
			"x": 114.52606117,
			"y": 30.46987763
		},
		"attributes": {
			"FID": 13,
			"Id": 0
		}
	},
	{
		"geometry": {
			"x": 114.52606121,
			"y": 30.4698445
		},
		"attributes": {
			"FID": 14,
			"Id": 0
		}
	},
	{
		"geometry": {
			"x": 114.52606974,
			"y": 30.46996588
		},
		"attributes": {
			"FID": 15,
			"Id": 0
		}
	},
	{
		"geometry": {
			"x": 114.52607004,
			"y": 30.46992368
		},
		"attributes": {
			"FID": 16,
			"Id": 0
		}
	},
	{
		"geometry": {
			"x": 114.52607024,
			"y": 30.46994808
		},
		"attributes": {
			"FID": 17,
			"Id": 0
		}
	},
	{
		"geometry": {
			"x": 114.52608016,
			"y": 30.46990805
		},
		"attributes": {
			"FID": 18,
			"Id": 0
		}
	},
	{
		"geometry": {
			"x": 114.52608113,
			"y": 30.4699933
		},
		"attributes": {
			"FID": 19,
			"Id": 0
		}
	},
	{
		"geometry": {
			"x": 114.52609339,
			"y": 30.46987729
		},
		"attributes": {
			"FID": 20,
			"Id": 0
		}
	},
	{
		"geometry": {
			"x": 114.5260951,
			"y": 30.46984503
		},
		"attributes": {
			"FID": 21,
			"Id": 0
		}
	},
	{
		"geometry": {
			"x": 114.52610297,
			"y": 30.46990767
		},
		"attributes": {
			"FID": 22,
			"Id": 0
		}
	},
	{
		"geometry": {
			"x": 114.52612432,
			"y": 30.46990731
		},
		"attributes": {
			"FID": 23,
			"Id": 0
		}
	},
	{
		"geometry": {
			"x": 114.52614229,
			"y": 30.46996611
		},
		"attributes": {
			"FID": 24,
			"Id": 0
		}
	},
	{
		"geometry": {
			"x": 114.52614305,
			"y": 30.46993369
		},
		"attributes": {
			"FID": 25,
			"Id": 0
		}
	},
	{
		"geometry": {
			"x": 114.52614362,
			"y": 30.46984579
		},
		"attributes": {
			"FID": 26,
			"Id": 0
		}
	},
	{
		"geometry": {
			"x": 114.52614424,
			"y": 30.46987335
		},
		"attributes": {
			"FID": 27,
			"Id": 0
		}
	},
	{
		"geometry": {
			"x": 114.52615107,
			"y": 30.46990761
		},
		"attributes": {
			"FID": 28,
			"Id": 0
		}
	},
	{
		"geometry": {
			"x": 114.52616802,
			"y": 30.46996639
		},
		"attributes": {
			"FID": 29,
			"Id": 0
		}
	},
	{
		"geometry": {
			"x": 114.52616845,
			"y": 30.46993406
		},
		"attributes": {
			"FID": 30,
			"Id": 0
		}
	},
	{
		"geometry": {
			"x": 114.52617976,
			"y": 30.46990727
		},
		"attributes": {
			"FID": 31,
			"Id": 0
		}
	},
	{
		"geometry": {
			"x": 114.52618842,
			"y": 30.46985999
		},
		"attributes": {
			"FID": 32,
			"Id": 0
		}
	},
	{
		"geometry": {
			"x": 114.52618863,
			"y": 30.46983866
		},
		"attributes": {
			"FID": 33,
			"Id": 0
		}
	},
	{
		"geometry": {
			"x": 114.52618935,
			"y": 30.46987874
		},
		"attributes": {
			"FID": 34,
			"Id": 0
		}
	},
	{
		"geometry": {
			"x": 114.52619165,
			"y": 30.46996637
		},
		"attributes": {
			"FID": 35,
			"Id": 0
		}
	},
	{
		"geometry": {
			"x": 114.52619274,
			"y": 30.46993453
		},
		"attributes": {
			"FID": 36,
			"Id": 0
		}
	},
	{
		"geometry": {
			"x": 114.52620629,
			"y": 30.46990698
		},
		"attributes": {
			"FID": 37,
			"Id": 0
		}
	},
	{
		"geometry": {
			"x": 114.52621014,
			"y": 30.46985986
		},
		"attributes": {
			"FID": 38,
			"Id": 0
		}
	},
	{
		"geometry": {
			"x": 114.52621015,
			"y": 30.46983882
		},
		"attributes": {
			"FID": 39,
			"Id": 0
		}
	},
	{
		"geometry": {
			"x": 114.52621086,
			"y": 30.46987785
		},
		"attributes": {
			"FID": 40,
			"Id": 0
		}
	},
	{
		"geometry": {
			"x": 114.52622841,
			"y": 30.46996022
		},
		"attributes": {
			"FID": 41,
			"Id": 0
		}
	},
	{
		"geometry": {
			"x": 114.52622921,
			"y": 30.46993934
		},
		"attributes": {
			"FID": 42,
			"Id": 0
		}
	},
	{
		"geometry": {
			"x": 114.52622991,
			"y": 30.46990696
		},
		"attributes": {
			"FID": 43,
			"Id": 0
		}
	},
	{
		"geometry": {
			"x": 114.52625106,
			"y": 30.46983841
		},
		"attributes": {
			"FID": 44,
			"Id": 0
		}
	},
	{
		"geometry": {
			"x": 114.52625234,
			"y": 30.46986043
		},
		"attributes": {
			"FID": 45,
			"Id": 0
		}
	},
	{
		"geometry": {
			"x": 114.52625302,
			"y": 30.46987738
		},
		"attributes": {
			"FID": 46,
			"Id": 0
		}
	},
	{
		"geometry": {
			"x": 114.52625973,
			"y": 30.46990548
		},
		"attributes": {
			"FID": 47,
			"Id": 0
		}
	},
	{
		"geometry": {
			"x": 114.5262656,
			"y": 30.46996126
		},
		"attributes": {
			"FID": 48,
			"Id": 0
		}
	},
	{
		"geometry": {
			"x": 114.52626656,
			"y": 30.46993737
		},
		"attributes": {
			"FID": 49,
			"Id": 0
		}
	},
	{
		"geometry": {
			"x": 114.5262852,
			"y": 30.46990518
		},
		"attributes": {
			"FID": 50,
			"Id": 0
		}
	},
	{
		"geometry": {
			"x": 114.52629202,
			"y": 30.4698386
		},
		"attributes": {
			"FID": 51,
			"Id": 0
		}
	},
	{
		"geometry": {
			"x": 114.52629328,
			"y": 30.46985977
		},
		"attributes": {
			"FID": 52,
			"Id": 0
		}
	},
	{
		"geometry": {
			"x": 114.52629329,
			"y": 30.46987672
		},
		"attributes": {
			"FID": 53,
			"Id": 0
		}
	},
	{
		"geometry": {
			"x": 114.52630662,
			"y": 30.46995988
		},
		"attributes": {
			"FID": 54,
			"Id": 0
		}
	},
	{
		"geometry": {
			"x": 114.52630724,
			"y": 30.46993682
		},
		"attributes": {
			"FID": 55,
			"Id": 0
		}
	},
	{
		"geometry": {
			"x": 114.52630956,
			"y": 30.46990569
		},
		"attributes": {
			"FID": 56,
			"Id": 0
		}
	},
	{
		"geometry": {
			"x": 114.52632666,
			"y": 30.46983798
		},
		"attributes": {
			"FID": 57,
			"Id": 0
		}
	},
	{
		"geometry": {
			"x": 114.52632725,
			"y": 30.46985963
		},
		"attributes": {
			"FID": 58,
			"Id": 0
		}
	},
	{
		"geometry": {
			"x": 114.52632737,
			"y": 30.4698784
		},
		"attributes": {
			"FID": 59,
			"Id": 0
		}
	},
	{
		"geometry": {
			"x": 114.52633356,
			"y": 30.46990569
		},
		"attributes": {
			"FID": 60,
			"Id": 0
		}
	},
	{
		"geometry": {
			"x": 114.52635842,
			"y": 30.46990562
		},
		"attributes": {
			"FID": 61,
			"Id": 0
		}
	},
	{
		"geometry": {
			"x": 114.52635843,
			"y": 30.46993942
		},
		"attributes": {
			"FID": 62,
			"Id": 0
		}
	},
	{
		"geometry": {
			"x": 114.52635899,
			"y": 30.46996291
		},
		"attributes": {
			"FID": 63,
			"Id": 0
		}
	},
	{
		"geometry": {
			"x": 114.52636205,
			"y": 30.46987884
		},
		"attributes": {
			"FID": 64,
			"Id": 0
		}
	},
	{
		"geometry": {
			"x": 114.52636242,
			"y": 30.46983837
		},
		"attributes": {
			"FID": 65,
			"Id": 0
		}
	},
	{
		"geometry": {
			"x": 114.52636292,
			"y": 30.46985931
		},
		"attributes": {
			"FID": 66,
			"Id": 0
		}
	},
	{
		"geometry": {
			"x": 114.52637563,
			"y": 30.46990538
		},
		"attributes": {
			"FID": 67,
			"Id": 0
		}
	},
	{
		"geometry": {
			"x": 114.52638136,
			"y": 30.46993939
		},
		"attributes": {
			"FID": 68,
			"Id": 0
		}
	},
	{
		"geometry": {
			"x": 114.52638146,
			"y": 30.46996231
		},
		"attributes": {
			"FID": 69,
			"Id": 0
		}
	},
	{
		"geometry": {
			"x": 114.52638283,
			"y": 30.469962
		},
		"attributes": {
			"FID": 70,
			"Id": 0
		}
	},
	{
		"geometry": {
			"x": 114.52638309,
			"y": 30.46983832
		},
		"attributes": {
			"FID": 71,
			"Id": 0
		}
	},
	{
		"geometry": {
			"x": 114.52638411,
			"y": 30.46985966
		},
		"attributes": {
			"FID": 72,
			"Id": 0
		}
	},
	{
		"geometry": {
			"x": 114.52638446,
			"y": 30.46987842
		},
		"attributes": {
			"FID": 73,
			"Id": 0
		}
	},
	{
		"geometry": {
			"x": 114.5263989,
			"y": 30.46990452
		},
		"attributes": {
			"FID": 74,
			"Id": 0
		}
	},
	{
		"geometry": {
			"x": 114.52640777,
			"y": 30.46996294
		},
		"attributes": {
			"FID": 75,
			"Id": 0
		}
	},
	{
		"geometry": {
			"x": 114.52640853,
			"y": 30.46993891
		},
		"attributes": {
			"FID": 76,
			"Id": 0
		}
	},
	{
		"geometry": {
			"x": 114.52641926,
			"y": 30.46990398
		},
		"attributes": {
			"FID": 77,
			"Id": 0
		}
	},
	{
		"geometry": {
			"x": 114.52642304,
			"y": 30.46987634
		},
		"attributes": {
			"FID": 78,
			"Id": 0
		}
	},
	{
		"geometry": {
			"x": 114.52642467,
			"y": 30.46986142
		},
		"attributes": {
			"FID": 79,
			"Id": 0
		}
	},
	{
		"geometry": {
			"x": 114.52642533,
			"y": 30.46984637
		},
		"attributes": {
			"FID": 80,
			"Id": 0
		}
	},
	{
		"geometry": {
			"x": 114.52643821,
			"y": 30.46990464
		},
		"attributes": {
			"FID": 81,
			"Id": 0
		}
	},
	{
		"geometry": {
			"x": 114.52644633,
			"y": 30.46999694
		},
		"attributes": {
			"FID": 82,
			"Id": 0
		}
	},
	{
		"geometry": {
			"x": 114.5264574,
			"y": 30.46994444
		},
		"attributes": {
			"FID": 83,
			"Id": 0
		}
	},
	{
		"geometry": {
			"x": 114.52645758,
			"y": 30.46996755
		},
		"attributes": {
			"FID": 84,
			"Id": 0
		}
	},
	{
		"geometry": {
			"x": 114.52645821,
			"y": 30.46992364
		},
		"attributes": {
			"FID": 85,
			"Id": 0
		}
	},
	{
		"geometry": {
			"x": 114.52646326,
			"y": 30.46987614
		},
		"attributes": {
			"FID": 86,
			"Id": 0
		}
	},
	{
		"geometry": {
			"x": 114.52646346,
			"y": 30.46986209
		},
		"attributes": {
			"FID": 87,
			"Id": 0
		}
	},
	{
		"geometry": {
			"x": 114.52646449,
			"y": 30.46984686
		},
		"attributes": {
			"FID": 88,
			"Id": 0
		}
	},
	{
		"geometry": {
			"x": 114.52646868,
			"y": 30.46990486
		},
		"attributes": {
			"FID": 89,
			"Id": 0
		}
	},
	{
		"geometry": {
			"x": 114.52648921,
			"y": 30.46990488
		},
		"attributes": {
			"FID": 90,
			"Id": 0
		}
	},
	{
		"geometry": {
			"x": 114.52649791,
			"y": 30.46987731
		},
		"attributes": {
			"FID": 91,
			"Id": 0
		}
	},
	{
		"geometry": {
			"x": 114.5264981,
			"y": 30.46984782
		},
		"attributes": {
			"FID": 92,
			"Id": 0
		}
	},
	{
		"geometry": {
			"x": 114.52649843,
			"y": 30.4698616
		},
		"attributes": {
			"FID": 93,
			"Id": 0
		}
	},
	{
		"geometry": {
			"x": 114.52650034,
			"y": 30.46996592
		},
		"attributes": {
			"FID": 94,
			"Id": 0
		}
	},
	{
		"geometry": {
			"x": 114.52650273,
			"y": 30.46993443
		},
		"attributes": {
			"FID": 95,
			"Id": 0
		}
	},
	{
		"geometry": {
			"x": 114.5265086,
			"y": 30.46990543
		},
		"attributes": {
			"FID": 96,
			"Id": 0
		}
	},
	{
		"geometry": {
			"x": 114.52653318,
			"y": 30.46985083
		},
		"attributes": {
			"FID": 97,
			"Id": 0
		}
	},
	{
		"geometry": {
			"x": 114.52653441,
			"y": 30.46993427
		},
		"attributes": {
			"FID": 98,
			"Id": 0
		}
	},
	{
		"geometry": {
			"x": 114.52653676,
			"y": 30.46996644
		},
		"attributes": {
			"FID": 99,
			"Id": 0
		}
	},
	{
		"geometry": {
			"x": 114.52653726,
			"y": 30.46990536
		},
		"attributes": {
			"FID": 100,
			"Id": 0
		}
	},
	{
		"geometry": {
			"x": 114.52654073,
			"y": 30.46987956
		},
		"attributes": {
			"FID": 101,
			"Id": 0
		}
	}],
	"fields": [{
		"alias": "FID",
		"type": "esriFieldTypeOID",
		"name": "FID"
	},
	{
		"alias": "Id",
		"type": "esriFieldTypeInteger",
		"name": "Id"
	}],
	"fieldAliases": {
		"FID": "FID",
		"Id": "Id"
	},
	"spatialReference": {
		"wkt" : "GEOGCS[\"WuHan WGS84 LL\",DATUM[\"D_WGS_1984\",SPHEROID[\"World_Geodetic_System_of_1984_GEM_10C\",6378137.0,298.257223563]],PRIMEM[\"Greenwich\",0.0],UNIT[\"Degree\",0.0174532925199433]]"
	},
	"displayFieldName": "",
	"geometryType": "esriGeometryPoint"
}