{
	"displayFieldName": "",
	"geometryType": "esriGeometryPoint",
	"spatialReference": {
		"wkt" : "GEOGCS[\"WuHan WGS84 LL\",DATUM[\"D_WGS_1984\",SPHEROID[\"World_Geodetic_System_of_1984_GEM_10C\",6378137.0,298.257223563]],PRIMEM[\"Greenwich\",0.0],UNIT[\"Degree\",0.0174532925199433]]"
	},
	"fields": [{
		"alias": "FID",
		"name": "FID",
		"type": "esriFieldTypeOID"
	},
	{
		"alias": "Id",
		"name": "Id",
		"type": "esriFieldTypeInteger"
	}],
	"features": [{
		"geometry": {
			"y": 30.46998429,
			"x": 114.52582311
		},
		"attributes": {
			"FID": 1,
			"Id": 0
		}
	},
	{
		"geometry": {
			"y": 30.46996683,
			"x": 114.52582323
		},
		"attributes": {
			"FID": 2,
			"Id": 0
		}
	},
	{
		"geometry": {
			"y": 30.46992566,
			"x": 114.52582527
		},
		"attributes": {
			"FID": 3,
			"Id": 0
		}
	},
	{
		"geometry": {
			"y": 30.4699031,
			"x": 114.52582534
		},
		"attributes": {
			"FID": 4,
			"Id": 0
		}
	},
	{
		"geometry": {
			"y": 30.46988074,
			"x": 114.52582671
		},
		"attributes": {
			"FID": 5,
			"Id": 0
		}
	},
	{
		"geometry": {
			"y": 30.47000763,
			"x": 114.52582865
		},
		"attributes": {
			"FID": 6,
			"Id": 0
		}
	},
	{
		"geometry": {
			"y": 30.46994614,
			"x": 114.52583393
		},
		"attributes": {
			"FID": 7,
			"Id": 0
		}
	},
	{
		"geometry": {
			"y": 30.46996608,
			"x": 114.52584776
		},
		"attributes": {
			"FID": 8,
			"Id": 0
		}
	},
	{
		"geometry": {
			"y": 30.46992603,
			"x": 114.52584836
		},
		"attributes": {
			"FID": 9,
			"Id": 0
		}
	},
	{
		"geometry": {
			"y": 30.47000845,
			"x": 114.5258489
		},
		"attributes": {
			"FID": 10,
			"Id": 0
		}
	},
	{
		"geometry": {
			"y": 30.46998387,
			"x": 114.52584904
		},
		"attributes": {
			"FID": 11,
			"Id": 0
		}
	},
	{
		"geometry": {
			"y": 30.46990443,
			"x": 114.52585
		},
		"attributes": {
			"FID": 12,
			"Id": 0
		}
	},
	{
		"geometry": {
			"y": 30.46994438,
			"x": 114.52585975
		},
		"attributes": {
			"FID": 13,
			"Id": 0
		}
	},
	{
		"geometry": {
			"y": 30.46990524,
			"x": 114.52587378
		},
		"attributes": {
			"FID": 14,
			"Id": 0
		}
	},
	{
		"geometry": {
			"y": 30.46992745,
			"x": 114.52587391
		},
		"attributes": {
			"FID": 15,
			"Id": 0
		}
	},
	{
		"geometry": {
			"y": 30.46988038,
			"x": 114.52587419
		},
		"attributes": {
			"FID": 16,
			"Id": 0
		}
	},
	{
		"geometry": {
			"y": 30.46998475,
			"x": 114.52588709
		},
		"attributes": {
			"FID": 17,
			"Id": 0
		}
	},
	{
		"geometry": {
			"y": 30.47000791,
			"x": 114.52588732
		},
		"attributes": {
			"FID": 18,
			"Id": 0
		}
	},
	{
		"geometry": {
			"y": 30.46996527,
			"x": 114.52588819
		},
		"attributes": {
			"FID": 19,
			"Id": 0
		}
	},
	{
		"geometry": {
			"y": 30.46994427,
			"x": 114.5258908
		},
		"attributes": {
			"FID": 20,
			"Id": 0
		}
	},
	{
		"geometry": {
			"y": 30.46987952,
			"x": 114.52590825
		},
		"attributes": {
			"FID": 21,
			"Id": 0
		}
	},
	{
		"geometry": {
			"y": 30.46992275,
			"x": 114.52590851
		},
		"attributes": {
			"FID": 22,
			"Id": 0
		}
	},
	{
		"geometry": {
			"y": 30.46990158,
			"x": 114.52590904
		},
		"attributes": {
			"FID": 23,
			"Id": 0
		}
	},
	{
		"geometry": {
			"y": 30.47000869,
			"x": 114.52592537
		},
		"attributes": {
			"FID": 24,
			"Id": 0
		}
	},
	{
		"geometry": {
			"y": 30.46996492,
			"x": 114.52592543
		},
		"attributes": {
			"FID": 25,
			"Id": 0
		}
	},
	{
		"geometry": {
			"y": 30.46998442,
			"x": 114.52592598
		},
		"attributes": {
			"FID": 26,
			"Id": 0
		}
	},
	{
		"geometry": {
			"y": 30.46994459,
			"x": 114.52592647
		},
		"attributes": {
			"FID": 27,
			"Id": 0
		}
	},
	{
		"geometry": {
			"y": 30.46990272,
			"x": 114.52593372
		},
		"attributes": {
			"FID": 28,
			"Id": 0
		}
	},
	{
		"geometry": {
			"y": 30.46992252,
			"x": 114.52593385
		},
		"attributes": {
			"FID": 29,
			"Id": 0
		}
	},
	{
		"geometry": {
			"y": 30.46987895,
			"x": 114.52593477
		},
		"attributes": {
			"FID": 30,
			"Id": 0
		}
	},
	{
		"geometry": {
			"y": 30.46992286,
			"x": 114.52596051
		},
		"attributes": {
			"FID": 31,
			"Id": 0
		}
	},
	{
		"geometry": {
			"y": 30.46990215,
			"x": 114.5259609
		},
		"attributes": {
			"FID": 32,
			"Id": 0
		}
	},
	{
		"geometry": {
			"y": 30.46998435,
			"x": 114.52596109
		},
		"attributes": {
			"FID": 33,
			"Id": 0
		}
	},
	{
		"geometry": {
			"y": 30.46996398,
			"x": 114.52596142
		},
		"attributes": {
			"FID": 34,
			"Id": 0
		}
	},
	{
		"geometry": {
			"y": 30.46994409,
			"x": 114.52596144
		},
		"attributes": {
			"FID": 35,
			"Id": 0
		}
	},
	{
		"geometry": {
			"y": 30.46987906,
			"x": 114.52596169
		},
		"attributes": {
			"FID": 36,
			"Id": 0
		}
	},
	{
		"geometry": {
			"y": 30.47000893,
			"x": 114.52596177
		},
		"attributes": {
			"FID": 37,
			"Id": 0
		}
	},
	{
		"geometry": {
			"y": 30.46989695,
			"x": 114.52598454
		},
		"attributes": {
			"FID": 38,
			"Id": 0
		}
	},
	{
		"geometry": {
			"y": 30.46986953,
			"x": 114.5259846
		},
		"attributes": {
			"FID": 39,
			"Id": 0
		}
	},
	{
		"geometry": {
			"y": 30.46992224,
			"x": 114.52598461
		},
		"attributes": {
			"FID": 40,
			"Id": 0
		}
	},
	{
		"geometry": {
			"y": 30.46984356,
			"x": 114.52598523
		},
		"attributes": {
			"FID": 41,
			"Id": 0
		}
	},
	{
		"geometry": {
			"y": 30.46996552,
			"x": 114.52598845
		},
		"attributes": {
			"FID": 42,
			"Id": 0
		}
	},
	{
		"geometry": {
			"y": 30.46994414,
			"x": 114.52599386
		},
		"attributes": {
			"FID": 43,
			"Id": 0
		}
	},
	{
		"geometry": {
			"y": 30.46999089,
			"x": 114.52599507
		},
		"attributes": {
			"FID": 44,
			"Id": 0
		}
	},
	{
		"geometry": {
			"y": 30.46996638,
			"x": 114.52601025
		},
		"attributes": {
			"FID": 45,
			"Id": 0
		}
	},
	{
		"geometry": {
			"y": 30.46984364,
			"x": 114.52601229
		},
		"attributes": {
			"FID": 46,
			"Id": 0
		}
	},
	{
		"geometry": {
			"y": 30.46992259,
			"x": 114.52601367
		},
		"attributes": {
			"FID": 47,
			"Id": 0
		}
	},
	{
		"geometry": {
			"y": 30.46999115,
			"x": 114.52602996
		},
		"attributes": {
			"FID": 48,
			"Id": 0
		}
	},
	{
		"geometry": {
			"y": 30.46996593,
			"x": 114.52603593
		},
		"attributes": {
			"FID": 49,
			"Id": 0
		}
	},
	{
		"geometry": {
			"y": 30.46989878,
			"x": 114.52603847
		},
		"attributes": {
			"FID": 50,
			"Id": 0
		}
	},
	{
		"geometry": {
			"y": 30.46994425,
			"x": 114.52603929
		},
		"attributes": {
			"FID": 51,
			"Id": 0
		}
	},
	{
		"geometry": {
			"y": 30.46992238,
			"x": 114.52603936
		},
		"attributes": {
			"FID": 52,
			"Id": 0
		}
	},
	{
		"geometry": {
			"y": 30.46984415,
			"x": 114.52603954
		},
		"attributes": {
			"FID": 53,
			"Id": 0
		}
	},
	{
		"geometry": {
			"y": 30.46987068,
			"x": 114.52603964
		},
		"attributes": {
			"FID": 54,
			"Id": 0
		}
	},
	{
		"geometry": {
			"y": 30.46996598,
			"x": 114.5260586
		},
		"attributes": {
			"FID": 55,
			"Id": 0
		}
	},
	{
		"geometry": {
			"y": 30.47000808,
			"x": 114.52605886
		},
		"attributes": {
			"FID": 56,
			"Id": 0
		}
	},
	{
		"geometry": {
			"y": 30.46998737,
			"x": 114.52605938
		},
		"attributes": {
			"FID": 57,
			"Id": 0
		}
	},
	{
		"geometry": {
			"y": 30.4698864,
			"x": 114.52606508
		},
		"attributes": {
			"FID": 58,
			"Id": 0
		}
	},
	{
		"geometry": {
			"y": 30.46983946,
			"x": 114.5260675
		},
		"attributes": {
			"FID": 59,
			"Id": 0
		}
	},
	{
		"geometry": {
			"y": 30.46990543,
			"x": 114.52607238
		},
		"attributes": {
			"FID": 60,
			"Id": 0
		}
	},
	{
		"geometry": {
			"y": 30.46992388,
			"x": 114.52607265
		},
		"attributes": {
			"FID": 61,
			"Id": 0
		}
	},
	{
		"geometry": {
			"y": 30.4699447,
			"x": 114.52607291
		},
		"attributes": {
			"FID": 62,
			"Id": 0
		}
	},
	{
		"geometry": {
			"y": 30.46984857,
			"x": 114.52607438
		},
		"attributes": {
			"FID": 63,
			"Id": 0
		}
	},
	{
		"geometry": {
			"y": 30.46987375,
			"x": 114.52607671
		},
		"attributes": {
			"FID": 64,
			"Id": 0
		}
	},
	{
		"geometry": {
			"y": 30.47000899,
			"x": 114.52607842
		},
		"attributes": {
			"FID": 65,
			"Id": 0
		}
	},
	{
		"geometry": {
			"y": 30.46996677,
			"x": 114.52607934
		},
		"attributes": {
			"FID": 66,
			"Id": 0
		}
	},
	{
		"geometry": {
			"y": 30.46998794,
			"x": 114.52608039
		},
		"attributes": {
			"FID": 67,
			"Id": 0
		}
	},
	{
		"geometry": {
			"y": 30.46990498,
			"x": 114.52609654
		},
		"attributes": {
			"FID": 68,
			"Id": 0
		}
	},
	{
		"geometry": {
			"y": 30.46984804,
			"x": 114.52609888
		},
		"attributes": {
			"FID": 69,
			"Id": 0
		}
	},
	{
		"geometry": {
			"y": 30.46987273,
			"x": 114.52609998
		},
		"attributes": {
			"FID": 70,
			"Id": 0
		}
	},
	{
		"geometry": {
			"y": 30.46990521,
			"x": 114.52612346
		},
		"attributes": {
			"FID": 71,
			"Id": 0
		}
	},
	{
		"geometry": {
			"y": 30.46987238,
			"x": 114.52612542
		},
		"attributes": {
			"FID": 72,
			"Id": 0
		}
	},
	{
		"geometry": {
			"y": 30.46984782,
			"x": 114.52612645
		},
		"attributes": {
			"FID": 73,
			"Id": 0
		}
	},
	{
		"geometry": {
			"y": 30.46995591,
			"x": 114.52614224
		},
		"attributes": {
			"FID": 74,
			"Id": 0
		}
	},
	{
		"geometry": {
			"y": 30.46990419,
			"x": 114.52614237
		},
		"attributes": {
			"FID": 75,
			"Id": 0
		}
	},
	{
		"geometry": {
			"y": 30.46993044,
			"x": 114.52614303
		},
		"attributes": {
			"FID": 76,
			"Id": 0
		}
	},
	{
		"geometry": {
			"y": 30.46997583,
			"x": 114.52614316
		},
		"attributes": {
			"FID": 77,
			"Id": 0
		}
	},
	{
		"geometry": {
			"y": 30.46988756,
			"x": 114.52614931
		},
		"attributes": {
			"FID": 78,
			"Id": 0
		}
	},
	{
		"geometry": {
			"y": 30.4698715,
			"x": 114.52615006
		},
		"attributes": {
			"FID": 79,
			"Id": 0
		}
	},
	{
		"geometry": {
			"y": 30.46984845,
			"x": 114.52615046
		},
		"attributes": {
			"FID": 80,
			"Id": 0
		}
	},
	{
		"geometry": {
			"y": 30.46995568,
			"x": 114.52616784
		},
		"attributes": {
			"FID": 81,
			"Id": 0
		}
	},
	{
		"geometry": {
			"y": 30.46992943,
			"x": 114.52616876
		},
		"attributes": {
			"FID": 82,
			"Id": 0
		}
	},
	{
		"geometry": {
			"y": 30.46990464,
			"x": 114.52616929
		},
		"attributes": {
			"FID": 83,
			"Id": 0
		}
	},
	{
		"geometry": {
			"y": 30.46988411,
			"x": 114.52617758
		},
		"attributes": {
			"FID": 84,
			"Id": 0
		}
	},
	{
		"geometry": {
			"y": 30.46986119,
			"x": 114.52617791
		},
		"attributes": {
			"FID": 85,
			"Id": 0
		}
	},
	{
		"geometry": {
			"y": 30.46983907,
			"x": 114.52617835
		},
		"attributes": {
			"FID": 86,
			"Id": 0
		}
	},
	{
		"geometry": {
			"y": 30.46986218,
			"x": 114.526199
		},
		"attributes": {
			"FID": 87,
			"Id": 0
		}
	},
	{
		"geometry": {
			"y": 30.46983878,
			"x": 114.52619943
		},
		"attributes": {
			"FID": 88,
			"Id": 0
		}
	},
	{
		"geometry": {
			"y": 30.46988452,
			"x": 114.52619948
		},
		"attributes": {
			"FID": 89,
			"Id": 0
		}
	},
	{
		"geometry": {
			"y": 30.46990464,
			"x": 114.52620448
		},
		"attributes": {
			"FID": 90,
			"Id": 0
		}
	},
	{
		"geometry": {
			"y": 30.46992909,
			"x": 114.52620579
		},
		"attributes": {
			"FID": 91,
			"Id": 0
		}
	},
	{
		"geometry": {
			"y": 30.46995579,
			"x": 114.52620592
		},
		"attributes": {
			"FID": 92,
			"Id": 0
		}
	},
	{
		"geometry": {
			"y": 30.46986147,
			"x": 114.52621652
		},
		"attributes": {
			"FID": 93,
			"Id": 0
		}
	},
	{
		"geometry": {
			"y": 30.469877,
			"x": 114.52621692
		},
		"attributes": {
			"FID": 94,
			"Id": 0
		}
	},
	{
		"geometry": {
			"y": 30.46989305,
			"x": 114.52621707
		},
		"attributes": {
			"FID": 95,
			"Id": 0
		}
	},
	{
		"geometry": {
			"y": 30.46984782,
			"x": 114.52621709
		},
		"attributes": {
			"FID": 96,
			"Id": 0
		}
	},
	{
		"geometry": {
			"y": 30.46983512,
			"x": 114.526218
		},
		"attributes": {
			"FID": 97,
			"Id": 0
		}
	},
	{
		"geometry": {
			"y": 30.46991963,
			"x": 114.52621824
		},
		"attributes": {
			"FID": 98,
			"Id": 0
		}
	},
	{
		"geometry": {
			"y": 30.46995522,
			"x": 114.52621853
		},
		"attributes": {
			"FID": 99,
			"Id": 0
		}
	},
	{
		"geometry": {
			"y": 30.46993807,
			"x": 114.52621859
		},
		"attributes": {
			"FID": 100,
			"Id": 0
		}
	},
	{
		"geometry": {
			"y": 30.46990479,
			"x": 114.52623285
		},
		"attributes": {
			"FID": 101,
			"Id": 0
		}
	},
	{
		"geometry": {
			"y": 30.46995458,
			"x": 114.52623572
		},
		"attributes": {
			"FID": 102,
			"Id": 0
		}
	},
	{
		"geometry": {
			"y": 30.46993836,
			"x": 114.52623646
		},
		"attributes": {
			"FID": 103,
			"Id": 0
		}
	},
	{
		"geometry": {
			"y": 30.46991911,
			"x": 114.52623678
		},
		"attributes": {
			"FID": 104,
			"Id": 0
		}
	},
	{
		"geometry": {
			"y": 30.46983332,
			"x": 114.5262392
		},
		"attributes": {
			"FID": 105,
			"Id": 0
		}
	},
	{
		"geometry": {
			"y": 30.46989323,
			"x": 114.52623936
		},
		"attributes": {
			"FID": 106,
			"Id": 0
		}
	},
	{
		"geometry": {
			"y": 30.46984622,
			"x": 114.52624064
		},
		"attributes": {
			"FID": 107,
			"Id": 0
		}
	},
	{
		"geometry": {
			"y": 30.46987759,
			"x": 114.52624117
		},
		"attributes": {
			"FID": 108,
			"Id": 0
		}
	},
	{
		"geometry": {
			"y": 30.46986166,
			"x": 114.52624213
		},
		"attributes": {
			"FID": 109,
			"Id": 0
		}
	},
	{
		"geometry": {
			"y": 30.46993829,
			"x": 114.52625595
		},
		"attributes": {
			"FID": 110,
			"Id": 0
		}
	},
	{
		"geometry": {
			"y": 30.46991881,
			"x": 114.52625614
		},
		"attributes": {
			"FID": 111,
			"Id": 0
		}
	},
	{
		"geometry": {
			"y": 30.46995509,
			"x": 114.5262567
		},
		"attributes": {
			"FID": 112,
			"Id": 0
		}
	},
	{
		"geometry": {
			"y": 30.46990555,
			"x": 114.52626163
		},
		"attributes": {
			"FID": 113,
			"Id": 0
		}
	},
	{
		"geometry": {
			"y": 30.46983376,
			"x": 114.52626554
		},
		"attributes": {
			"FID": 114,
			"Id": 0
		}
	},
	{
		"geometry": {
			"y": 30.46987734,
			"x": 114.52626768
		},
		"attributes": {
			"FID": 115,
			"Id": 0
		}
	},
	{
		"geometry": {
			"y": 30.46984632,
			"x": 114.52626779
		},
		"attributes": {
			"FID": 116,
			"Id": 0
		}
	},
	{
		"geometry": {
			"y": 30.46986127,
			"x": 114.52626799
		},
		"attributes": {
			"FID": 117,
			"Id": 0
		}
	},
	{
		"geometry": {
			"y": 30.46989108,
			"x": 114.52626837
		},
		"attributes": {
			"FID": 118,
			"Id": 0
		}
	},
	{
		"geometry": {
			"y": 30.4699555,
			"x": 114.52627593
		},
		"attributes": {
			"FID": 119,
			"Id": 0
		}
	},
	{
		"geometry": {
			"y": 30.46992014,
			"x": 114.52627686
		},
		"attributes": {
			"FID": 120,
			"Id": 0
		}
	},
	{
		"geometry": {
			"y": 30.46993764,
			"x": 114.52627707
		},
		"attributes": {
			"FID": 121,
			"Id": 0
		}
	},
	{
		"geometry": {
			"y": 30.46990494,
			"x": 114.5262867
		},
		"attributes": {
			"FID": 122,
			"Id": 0
		}
	},
	{
		"geometry": {
			"y": 30.46983376,
			"x": 114.52629446
		},
		"attributes": {
			"FID": 123,
			"Id": 0
		}
	},
	{
		"geometry": {
			"y": 30.46989088,
			"x": 114.52629542
		},
		"attributes": {
			"FID": 124,
			"Id": 0
		}
	},
	{
		"geometry": {
			"y": 30.46995427,
			"x": 114.52629636
		},
		"attributes": {
			"FID": 125,
			"Id": 0
		}
	},
	{
		"geometry": {
			"y": 30.46993828,
			"x": 114.52629697
		},
		"attributes": {
			"FID": 126,
			"Id": 0
		}
	},
	{
		"geometry": {
			"y": 30.46984628,
			"x": 114.52629725
		},
		"attributes": {
			"FID": 127,
			"Id": 0
		}
	},
	{
		"geometry": {
			"y": 30.46987457,
			"x": 114.52629759
		},
		"attributes": {
			"FID": 128,
			"Id": 0
		}
	},
	{
		"geometry": {
			"y": 30.46992019,
			"x": 114.5262977
		},
		"attributes": {
			"FID": 129,
			"Id": 0
		}
	},
	{
		"geometry": {
			"y": 30.46985931,
			"x": 114.52629961
		},
		"attributes": {
			"FID": 130,
			"Id": 0
		}
	},
	{
		"geometry": {
			"y": 30.46990304,
			"x": 114.52630648
		},
		"attributes": {
			"FID": 131,
			"Id": 0
		}
	},
	{
		"geometry": {
			"y": 30.46995595,
			"x": 114.52631708
		},
		"attributes": {
			"FID": 132,
			"Id": 0
		}
	},
	{
		"geometry": {
			"y": 30.46993879,
			"x": 114.52631796
		},
		"attributes": {
			"FID": 133,
			"Id": 0
		}
	},
	{
		"geometry": {
			"y": 30.46991965,
			"x": 114.52631909
		},
		"attributes": {
			"FID": 134,
			"Id": 0
		}
	},
	{
		"geometry": {
			"y": 30.46984689,
			"x": 114.52632251
		},
		"attributes": {
			"FID": 135,
			"Id": 0
		}
	},
	{
		"geometry": {
			"y": 30.46989049,
			"x": 114.52632262
		},
		"attributes": {
			"FID": 136,
			"Id": 0
		}
	},
	{
		"geometry": {
			"y": 30.46985958,
			"x": 114.52632263
		},
		"attributes": {
			"FID": 137,
			"Id": 0
		}
	},
	{
		"geometry": {
			"y": 30.46983462,
			"x": 114.52632269
		},
		"attributes": {
			"FID": 138,
			"Id": 0
		}
	},
	{
		"geometry": {
			"y": 30.46987422,
			"x": 114.52632273
		},
		"attributes": {
			"FID": 139,
			"Id": 0
		}
	},
	{
		"geometry": {
			"y": 30.46990315,
			"x": 114.52632723
		},
		"attributes": {
			"FID": 140,
			"Id": 0
		}
	},
	{
		"geometry": {
			"y": 30.4698407,
			"x": 114.52634072
		},
		"attributes": {
			"FID": 141,
			"Id": 0
		}
	},
	{
		"geometry": {
			"y": 30.46986011,
			"x": 114.52634144
		},
		"attributes": {
			"FID": 142,
			"Id": 0
		}
	},
	{
		"geometry": {
			"y": 30.46988129,
			"x": 114.52634152
		},
		"attributes": {
			"FID": 143,
			"Id": 0
		}
	},
	{
		"geometry": {
			"y": 30.46990417,
			"x": 114.52634251
		},
		"attributes": {
			"FID": 144,
			"Id": 0
		}
	},
	{
		"geometry": {
			"y": 30.46990277,
			"x": 114.52636127
		},
		"attributes": {
			"FID": 145,
			"Id": 0
		}
	},
	{
		"geometry": {
			"y": 30.46988941,
			"x": 114.52636297
		},
		"attributes": {
			"FID": 146,
			"Id": 0
		}
	},
	{
		"geometry": {
			"y": 30.46988173,
			"x": 114.5263635
		},
		"attributes": {
			"FID": 147,
			"Id": 0
		}
	},
	{
		"geometry": {
			"y": 30.46985912,
			"x": 114.52636444
		},
		"attributes": {
			"FID": 148,
			"Id": 0
		}
	},
	{
		"geometry": {
			"y": 30.46984112,
			"x": 114.52636476
		},
		"attributes": {
			"FID": 149,
			"Id": 0
		}
	},
	{
		"geometry": {
			"y": 30.46996813,
			"x": 114.52636539
		},
		"attributes": {
			"FID": 150,
			"Id": 0
		}
	},
	{
		"geometry": {
			"y": 30.46994365,
			"x": 114.52636633
		},
		"attributes": {
			"FID": 151,
			"Id": 0
		}
	},
	{
		"geometry": {
			"y": 30.46992154,
			"x": 114.52636656
		},
		"attributes": {
			"FID": 152,
			"Id": 0
		}
	},
	{
		"geometry": {
			"y": 30.46990256,
			"x": 114.52638673
		},
		"attributes": {
			"FID": 153,
			"Id": 0
		}
	},
	{
		"geometry": {
			"y": 30.46988129,
			"x": 114.52639047
		},
		"attributes": {
			"FID": 154,
			"Id": 0
		}
	},
	{
		"geometry": {
			"y": 30.46986073,
			"x": 114.52639051
		},
		"attributes": {
			"FID": 155,
			"Id": 0
		}
	},
	{
		"geometry": {
			"y": 30.46984095,
			"x": 114.52639085
		},
		"attributes": {
			"FID": 156,
			"Id": 0
		}
	},
	{
		"geometry": {
			"y": 30.46990242,
			"x": 114.52641314
		},
		"attributes": {
			"FID": 157,
			"Id": 0
		}
	},
	{
		"geometry": {
			"y": 30.46991657,
			"x": 114.5264138
		},
		"attributes": {
			"FID": 158,
			"Id": 0
		}
	},
	{
		"geometry": {
			"y": 30.46984347,
			"x": 114.52641382
		},
		"attributes": {
			"FID": 159,
			"Id": 0
		}
	},
	{
		"geometry": {
			"y": 30.46986074,
			"x": 114.52641422
		},
		"attributes": {
			"FID": 160,
			"Id": 0
		}
	},
	{
		"geometry": {
			"y": 30.46989092,
			"x": 114.52641437
		},
		"attributes": {
			"FID": 161,
			"Id": 0
		}
	},
	{
		"geometry": {
			"y": 30.46987773,
			"x": 114.52641458
		},
		"attributes": {
			"FID": 162,
			"Id": 0
		}
	},
	{
		"geometry": {
			"y": 30.46993423,
			"x": 114.52641927
		},
		"attributes": {
			"FID": 163,
			"Id": 0
		}
	},
	{
		"geometry": {
			"y": 30.46995181,
			"x": 114.52641983
		},
		"attributes": {
			"FID": 164,
			"Id": 0
		}
	},
	{
		"geometry": {
			"y": 30.46987645,
			"x": 114.52643244
		},
		"attributes": {
			"FID": 165,
			"Id": 0
		}
	},
	{
		"geometry": {
			"y": 30.46985847,
			"x": 114.52643543
		},
		"attributes": {
			"FID": 166,
			"Id": 0
		}
	},
	{
		"geometry": {
			"y": 30.46984168,
			"x": 114.52643693
		},
		"attributes": {
			"FID": 167,
			"Id": 0
		}
	},
	{
		"geometry": {
			"y": 30.46990206,
			"x": 114.52643702
		},
		"attributes": {
			"FID": 168,
			"Id": 0
		}
	},
	{
		"geometry": {
			"y": 30.46999053,
			"x": 114.52644899
		},
		"attributes": {
			"FID": 169,
			"Id": 0
		}
	},
	{
		"geometry": {
			"y": 30.46985811,
			"x": 114.52645491
		},
		"attributes": {
			"FID": 170,
			"Id": 0
		}
	},
	{
		"geometry": {
			"y": 30.4699029,
			"x": 114.52645545
		},
		"attributes": {
			"FID": 171,
			"Id": 0
		}
	},
	{
		"geometry": {
			"y": 30.46984207,
			"x": 114.52645551
		},
		"attributes": {
			"FID": 172,
			"Id": 0
		}
	},
	{
		"geometry": {
			"y": 30.46987588,
			"x": 114.52645576
		},
		"attributes": {
			"FID": 173,
			"Id": 0
		}
	},
	{
		"geometry": {
			"y": 30.46995141,
			"x": 114.52645616
		},
		"attributes": {
			"FID": 174,
			"Id": 0
		}
	},
	{
		"geometry": {
			"y": 30.46992358,
			"x": 114.52645682
		},
		"attributes": {
			"FID": 175,
			"Id": 0
		}
	},
	{
		"geometry": {
			"y": 30.46994118,
			"x": 114.52646482
		},
		"attributes": {
			"FID": 176,
			"Id": 0
		}
	},
	{
		"geometry": {
			"y": 30.4699768,
			"x": 114.52646668
		},
		"attributes": {
			"FID": 177,
			"Id": 0
		}
	},
	{
		"geometry": {
			"y": 30.46999774,
			"x": 114.52646828
		},
		"attributes": {
			"FID": 178,
			"Id": 0
		}
	},
	{
		"geometry": {
			"y": 30.46984619,
			"x": 114.5264719
		},
		"attributes": {
			"FID": 179,
			"Id": 0
		}
	},
	{
		"geometry": {
			"y": 30.46988146,
			"x": 114.52647247
		},
		"attributes": {
			"FID": 180,
			"Id": 0
		}
	},
	{
		"geometry": {
			"y": 30.46990207,
			"x": 114.52647703
		},
		"attributes": {
			"FID": 181,
			"Id": 0
		}
	},
	{
		"geometry": {
			"y": 30.46989235,
			"x": 114.52648759
		},
		"attributes": {
			"FID": 182,
			"Id": 0
		}
	},
	{
		"geometry": {
			"y": 30.46986983,
			"x": 114.52648772
		},
		"attributes": {
			"FID": 183,
			"Id": 0
		}
	},
	{
		"geometry": {
			"y": 30.46984689,
			"x": 114.52648788
		},
		"attributes": {
			"FID": 184,
			"Id": 0
		}
	},
	{
		"geometry": {
			"y": 30.46991759,
			"x": 114.52648801
		},
		"attributes": {
			"FID": 185,
			"Id": 0
		}
	},
	{
		"geometry": {
			"y": 30.46995339,
			"x": 114.52649243
		},
		"attributes": {
			"FID": 186,
			"Id": 0
		}
	},
	{
		"geometry": {
			"y": 30.46993983,
			"x": 114.5264968
		},
		"attributes": {
			"FID": 187,
			"Id": 0
		}
	},
	{
		"geometry": {
			"y": 30.47000113,
			"x": 114.52649748
		},
		"attributes": {
			"FID": 188,
			"Id": 0
		}
	},
	{
		"geometry": {
			"y": 30.46997494,
			"x": 114.52649827
		},
		"attributes": {
			"FID": 189,
			"Id": 0
		}
	},
	{
		"geometry": {
			"y": 30.46986944,
			"x": 114.52651126
		},
		"attributes": {
			"FID": 190,
			"Id": 0
		}
	},
	{
		"geometry": {
			"y": 30.46991577,
			"x": 114.5265118
		},
		"attributes": {
			"FID": 191,
			"Id": 0
		}
	},
	{
		"geometry": {
			"y": 30.46989216,
			"x": 114.52651273
		},
		"attributes": {
			"FID": 192,
			"Id": 0
		}
	},
	{
		"geometry": {
			"y": 30.46984658,
			"x": 114.52651424
		},
		"attributes": {
			"FID": 193,
			"Id": 0
		}
	},
	{
		"geometry": {
			"y": 30.46994035,
			"x": 114.52652493
		},
		"attributes": {
			"FID": 194,
			"Id": 0
		}
	},
	{
		"geometry": {
			"y": 30.47000893,
			"x": 114.52652693
		},
		"attributes": {
			"FID": 195,
			"Id": 0
		}
	},
	{
		"geometry": {
			"y": 30.46999309,
			"x": 114.52652924
		},
		"attributes": {
			"FID": 196,
			"Id": 0
		}
	},
	{
		"geometry": {
			"y": 30.46995618,
			"x": 114.5265295
		},
		"attributes": {
			"FID": 197,
			"Id": 0
		}
	},
	{
		"geometry": {
			"y": 30.46986876,
			"x": 114.52653403
		},
		"attributes": {
			"FID": 198,
			"Id": 0
		}
	},
	{
		"geometry": {
			"y": 30.46991656,
			"x": 114.52653448
		},
		"attributes": {
			"FID": 199,
			"Id": 0
		}
	},
	{
		"geometry": {
			"y": 30.46984552,
			"x": 114.52653573
		},
		"attributes": {
			"FID": 200,
			"Id": 0
		}
	},
	{
		"geometry": {
			"y": 30.46989096,
			"x": 114.52653593
		},
		"attributes": {
			"FID": 201,
			"Id": 0
		}
	},
	{
		"geometry": {
			"y": 30.46992926,
			"x": 114.52654103
		},
		"attributes": {
			"FID": 202,
			"Id": 0
		}
	},
	{
		"geometry": {
			"y": 30.46994066,
			"x": 114.5265414
		},
		"attributes": {
			"FID": 203,
			"Id": 0
		}
	},
	{
		"geometry": {
			"y": 30.46999238,
			"x": 114.52655316
		},
		"attributes": {
			"FID": 204,
			"Id": 0
		}
	},
	{
		"geometry": {
			"y": 30.4699614,
			"x": 114.52655319
		},
		"attributes": {
			"FID": 205,
			"Id": 0
		}
	},
	{
		"geometry": {
			"y": 30.46992078,
			"x": 114.52656468
		},
		"attributes": {
			"FID": 206,
			"Id": 0
		}
	},
	{
		"geometry": {
			"y": 30.46989703,
			"x": 114.52656508
		},
		"attributes": {
			"FID": 207,
			"Id": 0
		}
	},
	{
		"geometry": {
			"y": 30.46994093,
			"x": 114.52656522
		},
		"attributes": {
			"FID": 208,
			"Id": 0
		}
	},
	{
		"geometry": {
			"y": 30.46987554,
			"x": 114.52656637
		},
		"attributes": {
			"FID": 209,
			"Id": 0
		}
	},
	{
		"geometry": {
			"y": 30.47000546,
			"x": 114.52656986
		},
		"attributes": {
			"FID": 210,
			"Id": 0
		}
	},
	{
		"geometry": {
			"y": 30.46999293,
			"x": 114.52657905
		},
		"attributes": {
			"FID": 211,
			"Id": 0
		}
	},
	{
		"geometry": {
			"y": 30.46996195,
			"x": 114.52657953
		},
		"attributes": {
			"FID": 212,
			"Id": 0
		}
	},
	{
		"geometry": {
			"y": 30.46990379,
			"x": 114.5265858
		},
		"attributes": {
			"FID": 213,
			"Id": 0
		}
	},
	{
		"geometry": {
			"y": 30.46988712,
			"x": 114.52658673
		},
		"attributes": {
			"FID": 214,
			"Id": 0
		}
	},
	{
		"geometry": {
			"y": 30.46993931,
			"x": 114.52659489
		},
		"attributes": {
			"FID": 215,
			"Id": 0
		}
	},
	{
		"geometry": {
			"y": 30.46996279,
			"x": 114.52660645
		},
		"attributes": {
			"FID": 216,
			"Id": 0
		}
	},
	{
		"geometry": {
			"y": 30.4699927,
			"x": 114.5266074
		},
		"attributes": {
			"FID": 217,
			"Id": 0
		}
	},
	{
		"geometry": {
			"y": 30.4698863,
			"x": 114.52660933
		},
		"attributes": {
			"FID": 218,
			"Id": 0
		}
	},
	{
		"geometry": {
			"y": 30.46993963,
			"x": 114.52661943
		},
		"attributes": {
			"FID": 219,
			"Id": 0
		}
	},
	{
		"geometry": {
			"y": 30.46996398,
			"x": 114.52662826
		},
		"attributes": {
			"FID": 220,
			"Id": 0
		}
	},
	{
		"geometry": {
			"y": 30.46999389,
			"x": 114.52662888
		},
		"attributes": {
			"FID": 221,
			"Id": 0
		}
	},
	{
		"geometry": {
			"y": 30.47000641,
			"x": 114.52664601
		},
		"attributes": {
			"FID": 222,
			"Id": 0
		}
	},
	{
		"geometry": {
			"y": 30.4699656,
			"x": 114.52664652
		},
		"attributes": {
			"FID": 223,
			"Id": 0
		}
	},
	{
		"geometry": {
			"y": 30.46999299,
			"x": 114.52664762
		},
		"attributes": {
			"FID": 224,
			"Id": 0
		}
	},
	{
		"geometry": {
			"y": 30.46994039,
			"x": 114.52664828
		},
		"attributes": {
			"FID": 225,
			"Id": 0
		}
	},
	{
		"geometry": {
			"y": 30.46989834,
			"x": 114.52664864
		},
		"attributes": {
			"FID": 226,
			"Id": 0
		}
	},
	{
		"geometry": {
			"y": 30.46987885,
			"x": 114.52664869
		},
		"attributes": {
			"FID": 227,
			"Id": 0
		}
	},
	{
		"geometry": {
			"y": 30.46992257,
			"x": 114.5266487
		},
		"attributes": {
			"FID": 228,
			"Id": 0
		}
	},
	{
		"geometry": {
			"y": 30.46994072,
			"x": 114.52666549
		},
		"attributes": {
			"FID": 229,
			"Id": 0
		}
	},
	{
		"geometry": {
			"y": 30.46996826,
			"x": 114.52666555
		},
		"attributes": {
			"FID": 230,
			"Id": 0
		}
	},
	{
		"geometry": {
			"y": 30.46991762,
			"x": 114.52667206
		},
		"attributes": {
			"FID": 231,
			"Id": 0
		}
	},
	{
		"geometry": {
			"y": 30.46988011,
			"x": 114.52667213
		},
		"attributes": {
			"FID": 232,
			"Id": 0
		}
	},
	{
		"geometry": {
			"y": 30.46989993,
			"x": 114.52667313
		},
		"attributes": {
			"FID": 233,
			"Id": 0
		}
	},
	{
		"geometry": {
			"y": 30.47000073,
			"x": 114.52668463
		},
		"attributes": {
			"FID": 234,
			"Id": 0
		}
	},
	{
		"geometry": {
			"y": 30.46994014,
			"x": 114.52668602
		},
		"attributes": {
			"FID": 235,
			"Id": 0
		}
	},
	{
		"geometry": {
			"y": 30.46996663,
			"x": 114.52669168
		},
		"attributes": {
			"FID": 236,
			"Id": 0
		}
	},
	{
		"geometry": {
			"y": 30.46992361,
			"x": 114.52669555
		},
		"attributes": {
			"FID": 237,
			"Id": 0
		}
	}],
	"fieldAliases": {
		"FID": "FID",
		"Id": "Id"
	}
}