{
	"fields": [{
		"alias": "FID",
		"name": "FID",
		"type": "esriFieldTypeOID"
	},
	{
		"alias": "Id",
		"name": "Id",
		"type": "esriFieldTypeInteger"
	}],
	"spatialReference": {
		"wkt" : "GEOGCS[\"WuHan WGS84 LL\",DATUM[\"D_WGS_1984\",SPHEROID[\"World_Geodetic_System_of_1984_GEM_10C\",6378137.0,298.257223563]],PRIMEM[\"Greenwich\",0.0],UNIT[\"Degree\",0.0174532925199433]]"
	},
	"displayFieldName": "",
	"fieldAliases": {
		"Id": "Id",
		"FID": "FID"
	},
	"geometryType": "esriGeometryPoint",
	"features": [{
		"attributes": {
			"Id": 0,
			"FID": 1
		},
		"geometry": {
			"x": 114.52582233,
			"y": 30.46994302
		}
	},
	{
		"attributes": {
			"Id": 0,
			"FID": 2
		},
		"geometry": {
			"x": 114.52583032,
			"y": 30.46997806
		}
	},
	{
		"attributes": {
			"Id": 0,
			"FID": 3
		},
		"geometry": {
			"x": 114.52583106,
			"y": 30.47000653
		}
	},
	{
		"attributes": {
			"Id": 0,
			"FID": 4
		},
		"geometry": {
			"x": 114.52583142,
			"y": 30.46988644
		}
	},
	{
		"attributes": {
			"Id": 0,
			"FID": 5
		},
		"geometry": {
			"x": 114.52583906,
			"y": 30.4699188
		}
	},
	{
		"attributes": {
			"Id": 0,
			"FID": 6
		},
		"geometry": {
			"x": 114.52584026,
			"y": 30.46994262
		}
	},
	{
		"attributes": {
			"Id": 0,
			"FID": 7
		},
		"geometry": {
			"x": 114.52584217,
			"y": 30.46990132
		}
	},
	{
		"attributes": {
			"Id": 0,
			"FID": 8
		},
		"geometry": {
			"x": 114.52586014,
			"y": 30.4699438
		}
	},
	{
		"attributes": {
			"Id": 0,
			"FID": 9
		},
		"geometry": {
			"x": 114.5258719,
			"y": 30.47000408
		}
	},
	{
		"attributes": {
			"Id": 0,
			"FID": 10
		},
		"geometry": {
			"x": 114.5258731,
			"y": 30.46997834
		}
	},
	{
		"attributes": {
			"Id": 0,
			"FID": 11
		},
		"geometry": {
			"x": 114.52587484,
			"y": 30.46990083
		}
	},
	{
		"attributes": {
			"Id": 0,
			"FID": 12
		},
		"geometry": {
			"x": 114.52587555,
			"y": 30.4699182
		}
	},
	{
		"attributes": {
			"Id": 0,
			"FID": 13
		},
		"geometry": {
			"x": 114.52587576,
			"y": 30.46988545
		}
	},
	{
		"attributes": {
			"Id": 0,
			"FID": 14
		},
		"geometry": {
			"x": 114.52587738,
			"y": 30.46994351
		}
	},
	{
		"attributes": {
			"Id": 0,
			"FID": 15
		},
		"geometry": {
			"x": 114.52589502,
			"y": 30.46994375
		}
	},
	{
		"attributes": {
			"Id": 0,
			"FID": 16
		},
		"geometry": {
			"x": 114.52590733,
			"y": 30.47000425
		}
	},
	{
		"attributes": {
			"Id": 0,
			"FID": 17
		},
		"geometry": {
			"x": 114.52590738,
			"y": 30.4699856
		}
	},
	{
		"attributes": {
			"Id": 0,
			"FID": 18
		},
		"geometry": {
			"x": 114.52591587,
			"y": 30.46994346
		}
	},
	{
		"attributes": {
			"Id": 0,
			"FID": 19
		},
		"geometry": {
			"x": 114.52591879,
			"y": 30.46988525
		}
	},
	{
		"attributes": {
			"Id": 0,
			"FID": 20
		},
		"geometry": {
			"x": 114.52591966,
			"y": 30.46990187
		}
	},
	{
		"attributes": {
			"Id": 0,
			"FID": 21
		},
		"geometry": {
			"x": 114.52592039,
			"y": 30.46991865
		}
	},
	{
		"attributes": {
			"Id": 0,
			"FID": 22
		},
		"geometry": {
			"x": 114.52593268,
			"y": 30.46997807
		}
	},
	{
		"attributes": {
			"Id": 0,
			"FID": 23
		},
		"geometry": {
			"x": 114.52593961,
			"y": 30.46994375
		}
	},
	{
		"attributes": {
			"Id": 0,
			"FID": 24
		},
		"geometry": {
			"x": 114.52594802,
			"y": 30.46990113
		}
	},
	{
		"attributes": {
			"Id": 0,
			"FID": 25
		},
		"geometry": {
			"x": 114.52595185,
			"y": 30.46991959
		}
	},
	{
		"attributes": {
			"Id": 0,
			"FID": 26
		},
		"geometry": {
			"x": 114.52595596,
			"y": 30.47000655
		}
	},
	{
		"attributes": {
			"Id": 0,
			"FID": 27
		},
		"geometry": {
			"x": 114.52595933,
			"y": 30.46988622
		}
	},
	{
		"attributes": {
			"Id": 0,
			"FID": 28
		},
		"geometry": {
			"x": 114.52595954,
			"y": 30.46997698
		}
	},
	{
		"attributes": {
			"Id": 0,
			"FID": 29
		},
		"geometry": {
			"x": 114.52596176,
			"y": 30.46994331
		}
	},
	{
		"attributes": {
			"Id": 0,
			"FID": 30
		},
		"geometry": {
			"x": 114.52598112,
			"y": 30.46994324
		}
	},
	{
		"attributes": {
			"Id": 0,
			"FID": 31
		},
		"geometry": {
			"x": 114.5259882,
			"y": 30.46992522
		}
	},
	{
		"attributes": {
			"Id": 0,
			"FID": 32
		},
		"geometry": {
			"x": 114.52598894,
			"y": 30.46990562
		}
	},
	{
		"attributes": {
			"Id": 0,
			"FID": 33
		},
		"geometry": {
			"x": 114.52598989,
			"y": 30.46986915
		}
	},
	{
		"attributes": {
			"Id": 0,
			"FID": 34
		},
		"geometry": {
			"x": 114.52599376,
			"y": 30.46996526
		}
	},
	{
		"attributes": {
			"Id": 0,
			"FID": 35
		},
		"geometry": {
			"x": 114.52599399,
			"y": 30.46999239
		}
	},
	{
		"attributes": {
			"Id": 0,
			"FID": 36
		},
		"geometry": {
			"x": 114.52599706,
			"y": 30.46994312
		}
	},
	{
		"attributes": {
			"Id": 0,
			"FID": 37
		},
		"geometry": {
			"x": 114.52600171,
			"y": 30.46984919
		}
	},
	{
		"attributes": {
			"Id": 0,
			"FID": 38
		},
		"geometry": {
			"x": 114.52601303,
			"y": 30.46994377
		}
	},
	{
		"attributes": {
			"Id": 0,
			"FID": 39
		},
		"geometry": {
			"x": 114.52601458,
			"y": 30.46986876
		}
	},
	{
		"attributes": {
			"Id": 0,
			"FID": 40
		},
		"geometry": {
			"x": 114.52601618,
			"y": 30.46992556
		}
	},
	{
		"attributes": {
			"Id": 0,
			"FID": 41
		},
		"geometry": {
			"x": 114.52601661,
			"y": 30.46990534
		}
	},
	{
		"attributes": {
			"Id": 0,
			"FID": 42
		},
		"geometry": {
			"x": 114.52602751,
			"y": 30.46999293
		}
	},
	{
		"attributes": {
			"Id": 0,
			"FID": 43
		},
		"geometry": {
			"x": 114.52603061,
			"y": 30.46996559
		}
	},
	{
		"attributes": {
			"Id": 0,
			"FID": 44
		},
		"geometry": {
			"x": 114.52603218,
			"y": 30.46994398
		}
	},
	{
		"attributes": {
			"Id": 0,
			"FID": 45
		},
		"geometry": {
			"x": 114.52604173,
			"y": 30.46990751
		}
	},
	{
		"attributes": {
			"Id": 0,
			"FID": 46
		},
		"geometry": {
			"x": 114.52604185,
			"y": 30.4698687
		}
	},
	{
		"attributes": {
			"Id": 0,
			"FID": 47
		},
		"geometry": {
			"x": 114.52604243,
			"y": 30.46984957
		}
	},
	{
		"attributes": {
			"Id": 0,
			"FID": 48
		},
		"geometry": {
			"x": 114.52604337,
			"y": 30.46988856
		}
	},
	{
		"attributes": {
			"Id": 0,
			"FID": 49
		},
		"geometry": {
			"x": 114.52604364,
			"y": 30.46992522
		}
	},
	{
		"attributes": {
			"Id": 0,
			"FID": 50
		},
		"geometry": {
			"x": 114.52604988,
			"y": 30.46994449
		}
	},
	{
		"attributes": {
			"Id": 0,
			"FID": 51
		},
		"geometry": {
			"x": 114.52605363,
			"y": 30.4699912
		}
	},
	{
		"attributes": {
			"Id": 0,
			"FID": 52
		},
		"geometry": {
			"x": 114.52606452,
			"y": 30.46996174
		}
	},
	{
		"attributes": {
			"Id": 0,
			"FID": 53
		},
		"geometry": {
			"x": 114.52606533,
			"y": 30.46988372
		}
	},
	{
		"attributes": {
			"Id": 0,
			"FID": 54
		},
		"geometry": {
			"x": 114.52606662,
			"y": 30.46986199
		}
	},
	{
		"attributes": {
			"Id": 0,
			"FID": 55
		},
		"geometry": {
			"x": 114.52606667,
			"y": 30.46984292
		}
	},
	{
		"attributes": {
			"Id": 0,
			"FID": 56
		},
		"geometry": {
			"x": 114.52606968,
			"y": 30.4700108
		}
	},
	{
		"attributes": {
			"Id": 0,
			"FID": 57
		},
		"geometry": {
			"x": 114.52607101,
			"y": 30.46994306
		}
	},
	{
		"attributes": {
			"Id": 0,
			"FID": 58
		},
		"geometry": {
			"x": 114.52607126,
			"y": 30.46992893
		}
	},
	{
		"attributes": {
			"Id": 0,
			"FID": 59
		},
		"geometry": {
			"x": 114.5260727,
			"y": 30.46990821
		}
	},
	{
		"attributes": {
			"Id": 0,
			"FID": 60
		},
		"geometry": {
			"x": 114.52607867,
			"y": 30.46998892
		}
	},
	{
		"attributes": {
			"Id": 0,
			"FID": 61
		},
		"geometry": {
			"x": 114.52609199,
			"y": 30.46984244
		}
	},
	{
		"attributes": {
			"Id": 0,
			"FID": 62
		},
		"geometry": {
			"x": 114.52609265,
			"y": 30.46986141
		}
	},
	{
		"attributes": {
			"Id": 0,
			"FID": 63
		},
		"geometry": {
			"x": 114.5260927,
			"y": 30.46988298
		}
	},
	{
		"attributes": {
			"Id": 0,
			"FID": 64
		},
		"geometry": {
			"x": 114.52609503,
			"y": 30.4699058
		}
	},
	{
		"attributes": {
			"Id": 0,
			"FID": 65
		},
		"geometry": {
			"x": 114.52611596,
			"y": 30.46988247
		}
	},
	{
		"attributes": {
			"Id": 0,
			"FID": 66
		},
		"geometry": {
			"x": 114.52611644,
			"y": 30.469842
		}
	},
	{
		"attributes": {
			"Id": 0,
			"FID": 67
		},
		"geometry": {
			"x": 114.52611705,
			"y": 30.46986145
		}
	},
	{
		"attributes": {
			"Id": 0,
			"FID": 68
		},
		"geometry": {
			"x": 114.5261187,
			"y": 30.46990609
		}
	},
	{
		"attributes": {
			"Id": 0,
			"FID": 69
		},
		"geometry": {
			"x": 114.52614313,
			"y": 30.46995468
		}
	},
	{
		"attributes": {
			"Id": 0,
			"FID": 70
		},
		"geometry": {
			"x": 114.52614377,
			"y": 30.46997363
		}
	},
	{
		"attributes": {
			"Id": 0,
			"FID": 71
		},
		"geometry": {
			"x": 114.52614483,
			"y": 30.46993465
		}
	},
	{
		"attributes": {
			"Id": 0,
			"FID": 72
		},
		"geometry": {
			"x": 114.52614505,
			"y": 30.46984287
		}
	},
	{
		"attributes": {
			"Id": 0,
			"FID": 73
		},
		"geometry": {
			"x": 114.52614547,
			"y": 30.46988299
		}
	},
	{
		"attributes": {
			"Id": 0,
			"FID": 74
		},
		"geometry": {
			"x": 114.526146,
			"y": 30.46991925
		}
	},
	{
		"attributes": {
			"Id": 0,
			"FID": 75
		},
		"geometry": {
			"x": 114.52614632,
			"y": 30.46986175
		}
	},
	{
		"attributes": {
			"Id": 0,
			"FID": 76
		},
		"geometry": {
			"x": 114.52614684,
			"y": 30.46990564
		}
	},
	{
		"attributes": {
			"Id": 0,
			"FID": 77
		},
		"geometry": {
			"x": 114.52616282,
			"y": 30.46997128
		}
	},
	{
		"attributes": {
			"Id": 0,
			"FID": 78
		},
		"geometry": {
			"x": 114.5261629,
			"y": 30.4699564
		}
	},
	{
		"attributes": {
			"Id": 0,
			"FID": 79
		},
		"geometry": {
			"x": 114.52616384,
			"y": 30.46993807
		}
	},
	{
		"attributes": {
			"Id": 0,
			"FID": 80
		},
		"geometry": {
			"x": 114.52616736,
			"y": 30.46991965
		}
	},
	{
		"attributes": {
			"Id": 0,
			"FID": 81
		},
		"geometry": {
			"x": 114.52616869,
			"y": 30.46988324
		}
	},
	{
		"attributes": {
			"Id": 0,
			"FID": 82
		},
		"geometry": {
			"x": 114.52617073,
			"y": 30.46986169
		}
	},
	{
		"attributes": {
			"Id": 0,
			"FID": 83
		},
		"geometry": {
			"x": 114.52617103,
			"y": 30.46984224
		}
	},
	{
		"attributes": {
			"Id": 0,
			"FID": 84
		},
		"geometry": {
			"x": 114.52617203,
			"y": 30.46990568
		}
	},
	{
		"attributes": {
			"Id": 0,
			"FID": 85
		},
		"geometry": {
			"x": 114.52618323,
			"y": 30.46997136
		}
	},
	{
		"attributes": {
			"Id": 0,
			"FID": 86
		},
		"geometry": {
			"x": 114.52618371,
			"y": 30.46995496
		}
	},
	{
		"attributes": {
			"Id": 0,
			"FID": 87
		},
		"geometry": {
			"x": 114.5261855,
			"y": 30.46993833
		}
	},
	{
		"attributes": {
			"Id": 0,
			"FID": 88
		},
		"geometry": {
			"x": 114.52618811,
			"y": 30.46992205
		}
	},
	{
		"attributes": {
			"Id": 0,
			"FID": 89
		},
		"geometry": {
			"x": 114.52619125,
			"y": 30.46990595
		}
	},
	{
		"attributes": {
			"Id": 0,
			"FID": 90
		},
		"geometry": {
			"x": 114.52619308,
			"y": 30.46988248
		}
	},
	{
		"attributes": {
			"Id": 0,
			"FID": 91
		},
		"geometry": {
			"x": 114.52619358,
			"y": 30.46984265
		}
	},
	{
		"attributes": {
			"Id": 0,
			"FID": 92
		},
		"geometry": {
			"x": 114.52619371,
			"y": 30.46986127
		}
	},
	{
		"attributes": {
			"Id": 0,
			"FID": 93
		},
		"geometry": {
			"x": 114.52621209,
			"y": 30.46990646
		}
	},
	{
		"attributes": {
			"Id": 0,
			"FID": 94
		},
		"geometry": {
			"x": 114.52623073,
			"y": 30.46990484
		}
	},
	{
		"attributes": {
			"Id": 0,
			"FID": 95
		},
		"geometry": {
			"x": 114.52624841,
			"y": 30.46990416
		}
	},
	{
		"attributes": {
			"Id": 0,
			"FID": 96
		},
		"geometry": {
			"x": 114.52626721,
			"y": 30.46990522
		}
	},
	{
		"attributes": {
			"Id": 0,
			"FID": 97
		},
		"geometry": {
			"x": 114.52628462,
			"y": 30.4699047
		}
	},
	{
		"attributes": {
			"Id": 0,
			"FID": 98
		},
		"geometry": {
			"x": 114.52630423,
			"y": 30.46990452
		}
	},
	{
		"attributes": {
			"Id": 0,
			"FID": 99
		},
		"geometry": {
			"x": 114.52632397,
			"y": 30.46990547
		}
	},
	{
		"attributes": {
			"Id": 0,
			"FID": 100
		},
		"geometry": {
			"x": 114.5263425,
			"y": 30.46995049
		}
	},
	{
		"attributes": {
			"Id": 0,
			"FID": 101
		},
		"geometry": {
			"x": 114.52634311,
			"y": 30.46992767
		}
	},
	{
		"attributes": {
			"Id": 0,
			"FID": 102
		},
		"geometry": {
			"x": 114.52634327,
			"y": 30.46997046
		}
	},
	{
		"attributes": {
			"Id": 0,
			"FID": 103
		},
		"geometry": {
			"x": 114.52634481,
			"y": 30.46990404
		}
	},
	{
		"attributes": {
			"Id": 0,
			"FID": 104
		},
		"geometry": {
			"x": 114.52634977,
			"y": 30.4698377
		}
	},
	{
		"attributes": {
			"Id": 0,
			"FID": 105
		},
		"geometry": {
			"x": 114.5263508,
			"y": 30.46986014
		}
	},
	{
		"attributes": {
			"Id": 0,
			"FID": 106
		},
		"geometry": {
			"x": 114.52635099,
			"y": 30.4698823
		}
	},
	{
		"attributes": {
			"Id": 0,
			"FID": 107
		},
		"geometry": {
			"x": 114.52636076,
			"y": 30.46990453
		}
	},
	{
		"attributes": {
			"Id": 0,
			"FID": 108
		},
		"geometry": {
			"x": 114.52636395,
			"y": 30.46992747
		}
	},
	{
		"attributes": {
			"Id": 0,
			"FID": 109
		},
		"geometry": {
			"x": 114.5263651,
			"y": 30.4699523
		}
	},
	{
		"attributes": {
			"Id": 0,
			"FID": 110
		},
		"geometry": {
			"x": 114.52636513,
			"y": 30.46997079
		}
	},
	{
		"attributes": {
			"Id": 0,
			"FID": 111
		},
		"geometry": {
			"x": 114.52637568,
			"y": 30.46986058
		}
	},
	{
		"attributes": {
			"Id": 0,
			"FID": 112
		},
		"geometry": {
			"x": 114.52637576,
			"y": 30.4698823
		}
	},
	{
		"attributes": {
			"Id": 0,
			"FID": 113
		},
		"geometry": {
			"x": 114.52637602,
			"y": 30.46983876
		}
	},
	{
		"attributes": {
			"Id": 0,
			"FID": 114
		},
		"geometry": {
			"x": 114.52637834,
			"y": 30.46990514
		}
	},
	{
		"attributes": {
			"Id": 0,
			"FID": 115
		},
		"geometry": {
			"x": 114.52638924,
			"y": 30.46992767
		}
	},
	{
		"attributes": {
			"Id": 0,
			"FID": 116
		},
		"geometry": {
			"x": 114.52638936,
			"y": 30.46995077
		}
	},
	{
		"attributes": {
			"Id": 0,
			"FID": 117
		},
		"geometry": {
			"x": 114.5263909,
			"y": 30.46997204
		}
	},
	{
		"attributes": {
			"Id": 0,
			"FID": 118
		},
		"geometry": {
			"x": 114.52639573,
			"y": 30.46990563
		}
	},
	{
		"attributes": {
			"Id": 0,
			"FID": 119
		},
		"geometry": {
			"x": 114.52640084,
			"y": 30.46986041
		}
	},
	{
		"attributes": {
			"Id": 0,
			"FID": 120
		},
		"geometry": {
			"x": 114.52640147,
			"y": 30.46983931
		}
	},
	{
		"attributes": {
			"Id": 0,
			"FID": 121
		},
		"geometry": {
			"x": 114.52640169,
			"y": 30.46988283
		}
	},
	{
		"attributes": {
			"Id": 0,
			"FID": 122
		},
		"geometry": {
			"x": 114.52641463,
			"y": 30.46990581
		}
	},
	{
		"attributes": {
			"Id": 0,
			"FID": 123
		},
		"geometry": {
			"x": 114.52641524,
			"y": 30.46997097
		}
	},
	{
		"attributes": {
			"Id": 0,
			"FID": 124
		},
		"geometry": {
			"x": 114.52641544,
			"y": 30.46995051
		}
	},
	{
		"attributes": {
			"Id": 0,
			"FID": 125
		},
		"geometry": {
			"x": 114.52641553,
			"y": 30.46992718
		}
	},
	{
		"attributes": {
			"Id": 0,
			"FID": 126
		},
		"geometry": {
			"x": 114.52642581,
			"y": 30.46983937
		}
	},
	{
		"attributes": {
			"Id": 0,
			"FID": 127
		},
		"geometry": {
			"x": 114.52642594,
			"y": 30.46986057
		}
	},
	{
		"attributes": {
			"Id": 0,
			"FID": 128
		},
		"geometry": {
			"x": 114.5264262,
			"y": 30.46988275
		}
	},
	{
		"attributes": {
			"Id": 0,
			"FID": 129
		},
		"geometry": {
			"x": 114.52643752,
			"y": 30.46990617
		}
	},
	{
		"attributes": {
			"Id": 0,
			"FID": 130
		},
		"geometry": {
			"x": 114.52645194,
			"y": 30.46983966
		}
	},
	{
		"attributes": {
			"Id": 0,
			"FID": 131
		},
		"geometry": {
			"x": 114.52645245,
			"y": 30.46986079
		}
	},
	{
		"attributes": {
			"Id": 0,
			"FID": 132
		},
		"geometry": {
			"x": 114.5264525,
			"y": 30.46988302
		}
	},
	{
		"attributes": {
			"Id": 0,
			"FID": 133
		},
		"geometry": {
			"x": 114.52645806,
			"y": 30.46994078
		}
	},
	{
		"attributes": {
			"Id": 0,
			"FID": 134
		},
		"geometry": {
			"x": 114.52645874,
			"y": 30.46992572
		}
	},
	{
		"attributes": {
			"Id": 0,
			"FID": 135
		},
		"geometry": {
			"x": 114.5264591,
			"y": 30.46990478
		}
	},
	{
		"attributes": {
			"Id": 0,
			"FID": 136
		},
		"geometry": {
			"x": 114.52648127,
			"y": 30.46994208
		}
	},
	{
		"attributes": {
			"Id": 0,
			"FID": 137
		},
		"geometry": {
			"x": 114.52648676,
			"y": 30.46990643
		}
	},
	{
		"attributes": {
			"Id": 0,
			"FID": 138
		},
		"geometry": {
			"x": 114.52648731,
			"y": 30.46988435
		}
	},
	{
		"attributes": {
			"Id": 0,
			"FID": 139
		},
		"geometry": {
			"x": 114.52648777,
			"y": 30.46986096
		}
	},
	{
		"attributes": {
			"Id": 0,
			"FID": 140
		},
		"geometry": {
			"x": 114.52649335,
			"y": 30.46983889
		}
	},
	{
		"attributes": {
			"Id": 0,
			"FID": 141
		},
		"geometry": {
			"x": 114.52649475,
			"y": 30.46998955
		}
	},
	{
		"attributes": {
			"Id": 0,
			"FID": 142
		},
		"geometry": {
			"x": 114.5264951,
			"y": 30.47000589
		}
	},
	{
		"attributes": {
			"Id": 0,
			"FID": 143
		},
		"geometry": {
			"x": 114.5264961,
			"y": 30.46996899
		}
	},
	{
		"attributes": {
			"Id": 0,
			"FID": 144
		},
		"geometry": {
			"x": 114.52650328,
			"y": 30.46990629
		}
	},
	{
		"attributes": {
			"Id": 0,
			"FID": 145
		},
		"geometry": {
			"x": 114.52650362,
			"y": 30.469927
		}
	},
	{
		"attributes": {
			"Id": 0,
			"FID": 146
		},
		"geometry": {
			"x": 114.52650517,
			"y": 30.46994409
		}
	},
	{
		"attributes": {
			"Id": 0,
			"FID": 147
		},
		"geometry": {
			"x": 114.52651428,
			"y": 30.4699691
		}
	},
	{
		"attributes": {
			"Id": 0,
			"FID": 148
		},
		"geometry": {
			"x": 114.52651444,
			"y": 30.47000542
		}
	},
	{
		"attributes": {
			"Id": 0,
			"FID": 149
		},
		"geometry": {
			"x": 114.52651459,
			"y": 30.46998919
		}
	},
	{
		"attributes": {
			"Id": 0,
			"FID": 150
		},
		"geometry": {
			"x": 114.52652933,
			"y": 30.46994418
		}
	},
	{
		"attributes": {
			"Id": 0,
			"FID": 151
		},
		"geometry": {
			"x": 114.52652945,
			"y": 30.46992697
		}
	},
	{
		"attributes": {
			"Id": 0,
			"FID": 152
		},
		"geometry": {
			"x": 114.52652958,
			"y": 30.46990572
		}
	},
	{
		"attributes": {
			"Id": 0,
			"FID": 153
		},
		"geometry": {
			"x": 114.52653005,
			"y": 30.46988287
		}
	},
	{
		"attributes": {
			"Id": 0,
			"FID": 154
		},
		"geometry": {
			"x": 114.52653015,
			"y": 30.46983779
		}
	},
	{
		"attributes": {
			"Id": 0,
			"FID": 155
		},
		"geometry": {
			"x": 114.5265302,
			"y": 30.46985962
		}
	},
	{
		"attributes": {
			"Id": 0,
			"FID": 156
		},
		"geometry": {
			"x": 114.52653393,
			"y": 30.46998914
		}
	},
	{
		"attributes": {
			"Id": 0,
			"FID": 157
		},
		"geometry": {
			"x": 114.52653406,
			"y": 30.47000494
		}
	},
	{
		"attributes": {
			"Id": 0,
			"FID": 158
		},
		"geometry": {
			"x": 114.5265346,
			"y": 30.46996879
		}
	},
	{
		"attributes": {
			"Id": 0,
			"FID": 159
		},
		"geometry": {
			"x": 114.52655448,
			"y": 30.46994406
		}
	},
	{
		"attributes": {
			"Id": 0,
			"FID": 160
		},
		"geometry": {
			"x": 114.52656693,
			"y": 30.46990321
		}
	},
	{
		"attributes": {
			"Id": 0,
			"FID": 161
		},
		"geometry": {
			"x": 114.52656713,
			"y": 30.46992389
		}
	},
	{
		"attributes": {
			"Id": 0,
			"FID": 162
		},
		"geometry": {
			"x": 114.5265672,
			"y": 30.46987806
		}
	},
	{
		"attributes": {
			"Id": 0,
			"FID": 163
		},
		"geometry": {
			"x": 114.52657126,
			"y": 30.47000194
		}
	},
	{
		"attributes": {
			"Id": 0,
			"FID": 164
		},
		"geometry": {
			"x": 114.52657194,
			"y": 30.4699677
		}
	},
	{
		"attributes": {
			"Id": 0,
			"FID": 165
		},
		"geometry": {
			"x": 114.52657211,
			"y": 30.46998676
		}
	},
	{
		"attributes": {
			"Id": 0,
			"FID": 166
		},
		"geometry": {
			"x": 114.5265802,
			"y": 30.46994352
		}
	},
	{
		"attributes": {
			"Id": 0,
			"FID": 167
		},
		"geometry": {
			"x": 114.52659026,
			"y": 30.46996752
		}
	},
	{
		"attributes": {
			"Id": 0,
			"FID": 168
		},
		"geometry": {
			"x": 114.52659091,
			"y": 30.47000178
		}
	},
	{
		"attributes": {
			"Id": 0,
			"FID": 169
		},
		"geometry": {
			"x": 114.52659514,
			"y": 30.46987821
		}
	},
	{
		"attributes": {
			"Id": 0,
			"FID": 170
		},
		"geometry": {
			"x": 114.52659536,
			"y": 30.46992359
		}
	},
	{
		"attributes": {
			"Id": 0,
			"FID": 171
		},
		"geometry": {
			"x": 114.52659553,
			"y": 30.46990309
		}
	},
	{
		"attributes": {
			"Id": 0,
			"FID": 172
		},
		"geometry": {
			"x": 114.52660339,
			"y": 30.46994446
		}
	},
	{
		"attributes": {
			"Id": 0,
			"FID": 173
		},
		"geometry": {
			"x": 114.52660703,
			"y": 30.47000172
		}
	},
	{
		"attributes": {
			"Id": 0,
			"FID": 174
		},
		"geometry": {
			"x": 114.52660769,
			"y": 30.46996741
		}
	},
	{
		"attributes": {
			"Id": 0,
			"FID": 175
		},
		"geometry": {
			"x": 114.52662008,
			"y": 30.46987716
		}
	},
	{
		"attributes": {
			"Id": 0,
			"FID": 176
		},
		"geometry": {
			"x": 114.526622,
			"y": 30.4699024
		}
	},
	{
		"attributes": {
			"Id": 0,
			"FID": 177
		},
		"geometry": {
			"x": 114.52662388,
			"y": 30.47000185
		}
	},
	{
		"attributes": {
			"Id": 0,
			"FID": 178
		},
		"geometry": {
			"x": 114.52662516,
			"y": 30.46996777
		}
	},
	{
		"attributes": {
			"Id": 0,
			"FID": 179
		},
		"geometry": {
			"x": 114.5266254,
			"y": 30.46994237
		}
	},
	{
		"attributes": {
			"Id": 0,
			"FID": 180
		},
		"geometry": {
			"x": 114.52664063,
			"y": 30.47000245
		}
	},
	{
		"attributes": {
			"Id": 0,
			"FID": 181
		},
		"geometry": {
			"x": 114.52664099,
			"y": 30.46996809
		}
	},
	{
		"attributes": {
			"Id": 0,
			"FID": 182
		},
		"geometry": {
			"x": 114.52664796,
			"y": 30.46989777
		}
	},
	{
		"attributes": {
			"Id": 0,
			"FID": 183
		},
		"geometry": {
			"x": 114.52664841,
			"y": 30.46988385
		}
	},
	{
		"attributes": {
			"Id": 0,
			"FID": 184
		},
		"geometry": {
			"x": 114.52664853,
			"y": 30.46994007
		}
	},
	{
		"attributes": {
			"Id": 0,
			"FID": 185
		},
		"geometry": {
			"x": 114.5266487,
			"y": 30.46986763
		}
	},
	{
		"attributes": {
			"Id": 0,
			"FID": 186
		},
		"geometry": {
			"x": 114.52664912,
			"y": 30.46991952
		}
	},
	{
		"attributes": {
			"Id": 0,
			"FID": 187
		},
		"geometry": {
			"x": 114.52666595,
			"y": 30.46993986
		}
	},
	{
		"attributes": {
			"Id": 0,
			"FID": 188
		},
		"geometry": {
			"x": 114.52666677,
			"y": 30.46996533
		}
	},
	{
		"attributes": {
			"Id": 0,
			"FID": 189
		},
		"geometry": {
			"x": 114.52667142,
			"y": 30.46987944
		}
	},
	{
		"attributes": {
			"Id": 0,
			"FID": 190
		},
		"geometry": {
			"x": 114.52667157,
			"y": 30.46990738
		}
	},
	{
		"attributes": {
			"Id": 0,
			"FID": 191
		},
		"geometry": {
			"x": 114.52668409,
			"y": 30.46999789
		}
	},
	{
		"attributes": {
			"Id": 0,
			"FID": 192
		},
		"geometry": {
			"x": 114.52669092,
			"y": 30.46993959
		}
	},
	{
		"attributes": {
			"Id": 0,
			"FID": 193
		},
		"geometry": {
			"x": 114.52669125,
			"y": 30.46995937
		}
	},
	{
		"attributes": {
			"Id": 0,
			"FID": 194
		},
		"geometry": {
			"x": 114.52669717,
			"y": 30.4699069
		}
	},
	{
		"attributes": {
			"Id": 0,
			"FID": 195
		},
		"geometry": {
			"x": 114.52669843,
			"y": 30.46987931
		}
	}]
}