<?xml version="1.0" encoding="UTF-8"?>
<metadata xml:lang="zh"><Esri><CreaDate>20180820</CreaDate><CreaTime>15521800</CreaTime><ArcGISFormat>1.0</ArcGISFormat><SyncOnce>TRUE</SyncOnce><DataProperties><lineage><Process ToolSource="c:\program files\arcgis\desktop10.2\ArcToolbox\Toolboxes\Data Management Tools.tbx\AddField" Date="20180820" Time="155218">AddField "E:\@@@@ 归档项目 @@@@\_2018_小项目\0820_谭要求改\诗琳通1~5楼设备坐标点（shp格式_CGCS2000_E114_xy）\四楼\WiFi_shp\WiFi_4F.shp" 房间号 TEXT # # 10 # NULLABLE NON_REQUIRED #</Process><Process ToolSource="c:\program files\arcgis\desktop10.2\ArcToolbox\Toolboxes\Data Management Tools.tbx\CalculateField" Date="20180820" Time="155604">CalculateField WiFi_4F 房间号 Mid( [点号],3,3 ) VB #</Process></lineage></DataProperties></Esri></metadata>
