<?xml version="1.0" encoding="UTF-8"?>
<metadata xml:lang="zh"><Esri><CreaDate>20180820</CreaDate><CreaTime>15395100</CreaTime><ArcGISFormat>1.0</ArcGISFormat><SyncOnce>TRUE</SyncOnce><DataProperties><lineage><Process ToolSource="d:\arcgis10.2_install\desktop10.2\ArcToolbox\Toolboxes\Data Management Tools.tbx\CalculateField" Date="20180820" Time="153951">CalculateField AP_1F temp right( [点号] ,len( [点号] )-2) VB #</Process><Process ToolSource="d:\arcgis10.2_install\desktop10.2\ArcToolbox\Toolboxes\Data Management Tools.tbx\CalculateField" Date="20180820" Time="154049">CalculateField AP_1F 房间号 left( [temp] ,len( [temp] )-4) VB #</Process><Process ToolSource="c:\program files\arcgis\desktop10.2\ArcToolbox\Toolboxes\Data Management Tools.tbx\AddField" Date="20180820" Time="155218">AddField "E:\@@@@ 归档项目 @@@@\_2018_小项目\0820_谭要求改\诗琳通1~5楼设备坐标点（shp格式_CGCS2000_E114_xy）\一楼\AP_shp\AP_1F.shp" 房间号 TEXT # # 10 # NULLABLE NON_REQUIRED #</Process></lineage></DataProperties></Esri></metadata>
