[{"floorinfo":3,"FPfloor info":[{"minRssi":55,"MAC":"74:da:da:c0:d7:01"},{"minRssi":21,"MAC":"74:da:da:c1:3c:85"},{"minRssi":7,"MAC":"0c:73:eb:d0:13:c8"},{"minRssi":20,"MAC":"74:da:da:98:8f:30"},{"minRssi":43,"MAC":"0c:73:eb:d0:19:80"},{"minRssi":50,"MAC":"74:da:da:98:74:74"},{"minRssi":46,"MAC":"0c:73:eb:d0:11:c8"},{"minRssi":48,"MAC":"74:da:da:98:66:cd"},{"minRssi":40,"MAC":"74:da:da:98:90:95"},{"minRssi":41,"MAC":"74:da:da:c1:3c:46"},{"minRssi":42,"MAC":"74:da:da:c1:3c:86"},{"minRssi":76,"MAC":"74:da:da:c0:d6:ee"},{"minRssi":39,"MAC":"74:da:da:98:90:2d"},{"minRssi":37,"MAC":"74:da:da:c1:3c:12"},{"minRssi":15,"MAC":"74:da:da:c1:3c:45"},{"minRssi":26,"MAC":"0c:73:eb:d0:13:b0"},{"minRssi":46,"MAC":"74:da:da:c0:d9:39"},{"minRssi":47,"MAC":"0c:73:eb:d0:19:c8"},{"minRssi":16,"MAC":"0c:73:eb:d0:76:18"},{"minRssi":48,"MAC":"74:da:da:c0:d6:ed"},{"minRssi":43,"MAC":"0c:73:eb:d0:19:c0"},{"minRssi":23,"MAC":"74:da:da:98:90:94"},{"minRssi":49,"MAC":"0c:73:eb:d0:13:98"},{"minRssi":38,"MAC":"74:da:da:c0:d6:f5"},{"minRssi":74,"MAC":"0c:73:eb:d0:7e:d0"},{"minRssi":45,"MAC":"74:da:da:c0:d7:11"},{"minRssi":15,"MAC":"74:da:da:98:90:2c"},{"minRssi":73,"MAC":"74:da:da:c1:02:91"},{"minRssi":23,"MAC":"74:da:da:98:66:cc"},{"minRssi":21,"MAC":"74:da:da:c1:3c:11"},{"minRssi":50,"MAC":"74:da:da:98:74:34"},{"minRssi":52,"MAC":"0c:73:eb:d0:2a:50"},{"minRssi":74,"MAC":"0c:73:eb:d0:7f:00"},{"minRssi":39,"MAC":"74:da:da:c1:3c:56"},{"minRssi":37,"MAC":"50:3a:a0:ea:01:66"},{"minRssi":20,"MAC":"74:da:da:c1:3c:55"},{"minRssi":54,"MAC":"74:da:da:c0:f6:15"},{"minRssi":81,"MAC":"74:da:da:c1:03:1d"},{"minRssi":42,"MAC":"74:da:da:c1:3b:29"},{"minRssi":42,"MAC":"74:da:da:98:74:80"},{"minRssi":60,"MAC":"74:da:da:c1:3d:2d"},{"minRssi":74,"MAC":"74:da:da:c1:4a:69"},{"minRssi":46,"MAC":"74:da:da:98:ea:64"},{"minRssi":19,"MAC":"0c:73:eb:d0:19:90"},{"minRssi":24,"MAC":"74:da:da:c1:3b:cd"},{"minRssi":18,"MAC":"74:da:da:98:ea:5c"},{"minRssi":16,"MAC":"0c:73:eb:d0:76:38"},{"minRssi":33,"MAC":"74:da:da:c0:d7:9d"},{"minRssi":64,"MAC":"74:da:da:c1:25:e5"},{"minRssi":42,"MAC":"74:da:da:98:ea:54"},{"minRssi":62,"MAC":"0c:73:eb:d0:11:c0"},{"minRssi":46,"MAC":"74:da:da:c0:f3:05"},{"minRssi":21,"MAC":"0c:73:eb:d0:19:88"},{"minRssi":52,"MAC":"74:da:da:98:85:1c"},{"minRssi":88,"MAC":"74:da:da:c0:d6:f6"},{"minRssi":43,"MAC":"0c:73:eb:d0:13:90"},{"minRssi":42,"MAC":"0c:73:eb:d0:76:10"},{"minRssi":62,"MAC":"0c:73:eb:d0:13:b8"},{"minRssi":74,"MAC":"74:da:da:c1:03:21"},{"minRssi":15,"MAC":"0c:73:eb:d0:19:b8"},{"minRssi":72,"MAC":"0c:73:eb:d0:11:d8"},{"minRssi":6,"MAC":"0c:73:eb:d0:19:a0"},{"minRssi":25,"MAC":"74:da:da:c1:3c:4d"},{"minRssi":60,"MAC":"74:da:da:c1:25:a1"},{"minRssi":81,"MAC":"74:da:da:c1:03:2d"},{"minRssi":41,"MAC":"0c:73:eb:d0:76:28"},{"minRssi":77,"MAC":"74:da:da:c0:d7:12"},{"minRssi":30,"MAC":"74:da:da:c1:3b:19"},{"minRssi":70,"MAC":"74:da:da:c1:48:bd"},{"minRssi":61,"MAC":"74:da:da:98:85:4c"},{"minRssi":72,"MAC":"0c:73:eb:d0:0e:c8"},{"minRssi":42,"MAC":"0c:73:eb:d0:7e:f8"},{"minRssi":16,"MAC":"74:da:da:c0:d7:c5"},{"minRssi":23,"MAC":"74:da:da:98:ea:50"},{"minRssi":15,"MAC":"0c:73:eb:d0:76:30"},{"minRssi":85,"MAC":"74:da:da:c1:3a:8d"},{"minRssi":40,"MAC":"74:da:da:98:91:d4"},{"minRssi":52,"MAC":"74:da:da:c1:3b:79"},{"minRssi":81,"MAC":"74:da:da:c0:d9:3a"},{"minRssi":65,"MAC":"0c:73:eb:d0:0e:a8"},{"minRssi":68,"MAC":"74:da:da:c1:3c:51"},{"minRssi":51,"MAC":"74:da:da:c0:f3:01"},{"minRssi":22,"MAC":"74:da:da:c1:3b:65"},{"minRssi":49,"MAC":"0c:73:eb:d0:76:50"},{"minRssi":22,"MAC":"74:da:da:c1:3c:cd"},{"minRssi":20,"MAC":"74:da:da:98:ea:4c"},{"minRssi":22,"MAC":"74:da:da:c1:3b:c9"},{"minRssi":71,"MAC":"0c:73:eb:d0:2a:90"},{"minRssi":71,"MAC":"74:da:da:c1:25:9d"},{"minRssi":41,"MAC":"74:da:da:98:ea:5d"},{"minRssi":83,"MAC":"74:da:da:98:ea:55"},{"minRssi":65,"MAC":"74:da:da:c1:04:49"},{"minRssi":75,"MAC":"74:da:da:c1:4a:85"},{"minRssi":74,"MAC":"74:da:da:c1:02:8d"},{"minRssi":38,"MAC":"0c:73:eb:d0:11:e0"},{"minRssi":25,"MAC":"74:da:da:c1:3b:69"},{"minRssi":34,"MAC":"74:da:da:c1:56:a1"},{"minRssi":48,"MAC":"74:da:da:98:85:00"},{"minRssi":45,"MAC":"74:da:da:c1:3d:09"},{"minRssi":77,"MAC":"74:da:da:c0:de:2d"},{"minRssi":58,"MAC":"74:da:da:c1:5e:ed"},{"minRssi":65,"MAC":"74:da:da:c0:f3:59"},{"minRssi":74,"MAC":"74:da:da:c1:6b:4d"},{"minRssi":60,"MAC":"0c:73:eb:d0:7f:08"},{"minRssi":74,"MAC":"74:da:da:c1:25:69"},{"minRssi":44,"MAC":"74:da:da:c0:d7:81"},{"minRssi":39,"MAC":"74:da:da:c1:3c:4e"},{"minRssi":45,"MAC":"0c:73:eb:d0:13:a0"},{"minRssi":44,"MAC":"0c:73:eb:d0:7f:10"},{"minRssi":17,"MAC":"74:da:da:c1:3c:8d"},{"minRssi":40,"MAC":"74:da:da:c0:d7:c6"},{"minRssi":26,"MAC":"c0:61:18:93:35:28"},{"minRssi":44,"MAC":"74:da:da:c1:3d:35"},{"minRssi":82,"MAC":"74:da:da:98:ea:65"},{"minRssi":43,"MAC":"0c:73:eb:d0:0e:90"},{"minRssi":51,"MAC":"74:da:da:98:8f:31"},{"minRssi":36,"MAC":"74:da:da:98:ea:51"},{"minRssi":62,"MAC":"74:da:da:98:85:60"},{"minRssi":39,"MAC":"74:da:da:c1:3b:ce"},{"minRssi":21,"MAC":"74:da:da:c1:3b:4d"},{"minRssi":45,"MAC":"74:da:da:c1:3c:ce"},{"minRssi":32,"MAC":"74:da:da:c1:3b:45"},{"minRssi":31,"MAC":"fa:63:3f:ad:c3:75"},{"minRssi":82,"MAC":"74:da:da:98:ea:4d"},{"minRssi":24,"MAC":"0c:73:eb:d0:19:a8"},{"minRssi":20,"MAC":"0c:73:eb:d0:76:48"},{"minRssi":46,"MAC":"74:da:da:c0:d8:1d"},{"minRssi":19,"MAC":"74:da:da:98:8f:3c"},{"minRssi":24,"MAC":"74:da:da:98:8f:34"},{"minRssi":88,"MAC":"58:6a:b1:bf:29:30"},{"minRssi":37,"MAC":"74:da:da:c1:3d:85"},{"minRssi":19,"MAC":"0c:73:eb:d0:19:98"},{"minRssi":44,"MAC":"74:da:da:c1:3b:1a"},{"minRssi":47,"MAC":"74:da:da:c1:3d:0d"},{"minRssi":77,"MAC":"74:da:da:c0:d7:9e"},{"minRssi":26,"MAC":"74:da:da:c1:3b:e9"},{"minRssi":72,"MAC":"74:da:da:c0:d7:02"},{"minRssi":69,"MAC":"74:da:da:c0:f2:fd"},{"minRssi":42,"MAC":"74:da:da:c1:4a:a5"},{"minRssi":50,"MAC":"74:da:da:c0:d7:b9"},{"minRssi":41,"MAC":"0c:73:eb:d0:2a:18"},{"minRssi":85,"MAC":"74:da:da:c0:f6:16"},{"minRssi":70,"MAC":"74:da:da:c1:3b:2a"},{"minRssi":88,"MAC":"0c:73:eb:d0:13:d8"},{"minRssi":39,"MAC":"74:da:da:c1:3b:6a"},{"minRssi":56,"MAC":"74:da:da:c1:3c:8e"},{"minRssi":45,"MAC":"0c:73:eb:d0:7e:e8"},{"minRssi":78,"MAC":"0c:73:eb:d0:2a:40"},{"minRssi":50,"MAC":"74:da:da:c1:3b:ca"},{"minRssi":42,"MAC":"74:da:da:98:8f:3d"},{"minRssi":44,"MAC":"74:da:da:c0:d7:e9"},{"minRssi":44,"MAC":"0c:73:eb:d0:7c:38"},{"minRssi":53,"MAC":"74:da:da:c0:e0:71"},{"minRssi":37,"MAC":"a4:34:d9:da:a2:b9"},{"minRssi":73,"MAC":"74:da:da:c0:d7:0d"},{"minRssi":41,"MAC":"74:da:da:c1:56:ed"},{"minRssi":41,"MAC":"0c:73:eb:d0:0e:d8"},{"minRssi":43,"MAC":"74:da:da:c1:3d:05"},{"minRssi":79,"MAC":"0c:73:eb:d0:7a:68"},{"minRssi":77,"MAC":"0c:73:eb:d0:2a:68"},{"minRssi":41,"MAC":"74:da:da:c1:14:99"},{"minRssi":29,"MAC":"74:da:da:c1:3b:85"},{"minRssi":59,"MAC":"0c:73:eb:d0:7f:18"},{"minRssi":69,"MAC":"74:da:da:c1:4b:05"},{"minRssi":76,"MAC":"0c:73:eb:d0:7c:08"},{"minRssi":18,"MAC":"74:da:da:98:db:44"},{"minRssi":83,"MAC":"74:da:da:98:85:1d"},{"minRssi":69,"MAC":"74:da:da:c1:25:d9"},{"minRssi":71,"MAC":"0c:73:eb:d0:0e:a0"},{"minRssi":54,"MAC":"74:da:da:c0:d7:19"},{"minRssi":41,"MAC":"0c:73:eb:d0:0e:b0"},{"minRssi":84,"MAC":"0c:73:eb:d0:7c:28"},{"minRssi":61,"MAC":"74:da:da:98:8f:65"},{"minRssi":41,"MAC":"74:da:da:c1:3b:66"},{"minRssi":90,"MAC":"74:da:da:c1:3b:4e"},{"minRssi":19,"MAC":"0c:73:eb:d0:76:58"},{"minRssi":61,"MAC":"a4:34:d9:da:37:8e"},{"minRssi":71,"MAC":"74:da:da:98:8f:35"},{"minRssi":73,"MAC":"74:da:da:c1:3a:81"},{"minRssi":71,"MAC":"74:da:da:c0:d8:7d"},{"minRssi":55,"MAC":"74:da:da:98:92:14"},{"minRssi":45,"MAC":"74:da:da:c0:d7:dd"},{"minRssi":22,"MAC":"74:da:da:98:8f:64"},{"minRssi":84,"MAC":"74:da:da:c0:f3:06"},{"minRssi":43,"MAC":"74:da:da:c0:d8:25"},{"minRssi":86,"MAC":"74:da:da:c0:d7:82"},{"minRssi":42,"MAC":"a0:ab:1b:a0:b1:e0"},{"minRssi":84,"MAC":"74:da:da:c1:3a:dd"},{"minRssi":44,"MAC":"74:da:da:c0:d7:ed"},{"minRssi":21,"MAC":"0c:73:eb:d0:76:20"},{"minRssi":44,"MAC":"0c:73:eb:d0:0e:c0"},{"minRssi":69,"MAC":"a4:34:d9:a9:5c:8b"},{"minRssi":67,"MAC":"74:da:da:c1:4b:59"},{"minRssi":64,"MAC":"a4:34:d9:a9:02:1d"},{"minRssi":69,"MAC":"74:da:da:c1:3c:f5"},{"minRssi":59,"MAC":"0c:73:eb:d0:7e:e0"},{"minRssi":38,"MAC":"74:da:da:c0:d8:05"},{"minRssi":38,"MAC":"0c:73:eb:d0:2a:58"},{"minRssi":40,"MAC":"0c:73:eb:d0:2a:10"},{"minRssi":63,"MAC":"74:da:da:c0:f4:69"},{"minRssi":43,"MAC":"74:da:da:c0:d7:09"},{"minRssi":20,"MAC":"74:da:da:c1:61:69"},{"minRssi":68,"MAC":"74:da:da:c0:e2:d9"},{"minRssi":68,"MAC":"0c:73:eb:d0:2a:60"},{"minRssi":66,"MAC":"44:85:00:14:ac:a3"},{"minRssi":73,"MAC":"0c:73:eb:d0:0e:98"},{"minRssi":65,"MAC":"a4:34:d9:d6:d7:88"},{"minRssi":79,"MAC":"0c:73:eb:d0:13:d0"},{"minRssi":84,"MAC":"74:da:da:c1:3d:0e"},{"minRssi":45,"MAC":"74:da:da:c1:3b:49"},{"minRssi":39,"MAC":"74:da:da:c0:e0:69"},{"minRssi":40,"MAC":"0c:73:eb:d0:2a:98"},{"minRssi":85,"MAC":"74:da:da:c1:3d:06"},{"minRssi":18,"MAC":"0c:73:eb:d0:76:40"},{"minRssi":20,"MAC":"74:da:da:c1:3b:9d"},{"minRssi":69,"MAC":"0c:73:eb:d0:0e:b8"},{"minRssi":48,"MAC":"74:da:da:c1:3c:e1"},{"minRssi":46,"MAC":"74:da:da:98:7a:60"},{"minRssi":68,"MAC":"74:da:da:c1:03:61"},{"minRssi":58,"MAC":"0c:73:eb:d0:2a:30"},{"minRssi":19,"MAC":"74:da:da:c1:3c:6d"},{"minRssi":45,"MAC":"74:da:da:c1:3c:ad"},{"minRssi":58,"MAC":"0c:73:eb:d0:7e:f0"},{"minRssi":40,"MAC":"74:da:da:c0:d8:59"},{"minRssi":83,"MAC":"74:da:da:c1:3d:0a"},{"minRssi":43,"MAC":"0c:73:eb:d0:11:b0"},{"minRssi":83,"MAC":"74:da:da:c1:61:6a"},{"minRssi":79,"MAC":"74:da:da:c0:d8:26"},{"minRssi":64,"MAC":"74:da:da:c1:04:4d"},{"minRssi":40,"MAC":"74:da:da:98:7a:6c"},{"minRssi":45,"MAC":"0c:73:eb:d0:11:d0"},{"minRssi":22,"MAC":"0c:73:eb:d0:19:b0"},{"minRssi":61,"MAC":"0c:73:eb:d0:2a:88"},{"minRssi":52,"MAC":"0c:73:eb:d0:7e:d8"},{"minRssi":57,"MAC":"74:da:da:c0:e0:81"},{"minRssi":69,"MAC":"0c:73:eb:d0:11:e8"},{"minRssi":41,"MAC":"74:da:da:98:7a:68"},{"minRssi":47,"MAC":"74:da:da:c1:17:75"},{"minRssi":83,"MAC":"0c:73:eb:d0:11:f0"},{"minRssi":22,"MAC":"c0:61:18:93:3e:32"},{"minRssi":40,"MAC":"0c:73:eb:d0:2a:38"},{"minRssi":70,"MAC":"c0:61:18:93:3e:54"},{"minRssi":66,"MAC":"74:da:da:c1:04:45"},{"minRssi":40,"MAC":"0c:73:eb:d0:2a:48"},{"minRssi":67,"MAC":"0c:73:eb:d0:7c:10"},{"minRssi":43,"MAC":"74:da:da:c1:4a:7d"},{"minRssi":44,"MAC":"0c:73:eb:d0:13:c0"},{"minRssi":40,"MAC":"74:da:da:c1:47:cd"},{"minRssi":37,"MAC":"0c:73:eb:d0:2a:28"},{"minRssi":64,"MAC":"74:da:da:c1:02:95"},{"minRssi":35,"MAC":"74:da:da:c1:3c:d1"},{"minRssi":87,"MAC":"74:da:da:c1:3c:dd"},{"minRssi":40,"MAC":"74:da:da:c1:3c:91"},{"minRssi":80,"MAC":"0c:73:eb:d0:7c:18"},{"minRssi":42,"MAC":"0c:73:eb:d0:2a:20"},{"minRssi":38,"MAC":"74:da:da:98:7a:50"},{"minRssi":72,"MAC":"74:da:da:c1:3c:99"},{"minRssi":77,"MAC":"74:da:da:c1:3c:f9"},{"minRssi":47,"MAC":"74:da:da:c1:4a:c9"},{"minRssi":46,"MAC":"0c:73:eb:d0:11:b8"},{"minRssi":40,"MAC":"0c:73:eb:d0:0e:d0"},{"minRssi":40,"MAC":"74:da:da:98:7a:4c"},{"minRssi":68,"MAC":"74:da:da:98:8d:78"},{"minRssi":73,"MAC":"0c:73:eb:d0:7c:30"},{"minRssi":77,"MAC":"74:da:da:98:74:94"},{"minRssi":87,"MAC":"0c:73:eb:d0:7c:48"},{"minRssi":84,"MAC":"74:da:da:c1:4b:01"},{"minRssi":81,"MAC":"0c:4b:54:ae:bf:bc"},{"minRssi":80,"MAC":"d8:b0:4c:b7:59:14"},{"minRssi":77,"MAC":"9e:30:5b:9f:bd:70"},{"minRssi":85,"MAC":"74:da:da:c1:4a:f5"}],"buidinginfo":"shilintong"}]